acousticness;danceability;duration_ms;energy;explicit;liveness;loudness;mode;popularity;tempo;valence;year
0.0275;0.684;195373;0.603;0;0.191;-8.127;0;80;81;0.504;2010
0.28;0.321;214333;0.64;0;0.718;-10.023;1;83;146.172;0.414;2010
0.0151;0.637;220733;0.843;0;0.0876;-5.413;1;80;109.012;0.434;2010
0.0135;0.794;195873;0.766;1;0.0785;-3.894;0;76;127.007;0.55;2010
0.0455;0.247;198213;0.438;1;0.111;-8.479;1;78;185.716;0.39;2010
0.185;0.673;216773;0.886;0;0.0826;-4.44;0;82;97.012;0.795;2010
0.512;0.523;217867;0.606;0;0.106;-4.754;0;77;145.837;0.065;2010
0.0991;0.755;199693;0.837;0;0.289;-2.718;0;81;120.028;0.714;2010
0.241;0.749;263373;0.925;1;0.52;-5.034;1;81;86.989;0.641;2010
0.271;0.723;200013;0.86;1;0.598;-4.357;1;77;126.979;0.667;2010
0.0161;0.542;292093;0.914;1;0.744;-4.747;0;78;153.993;0.576;2010
0.744;0.685;202547;0.391;0;0.142;-7.183;1;77;87.101;0.443;2010
0.0048;0.7;202960;0.709;1;0.0289;-5.006;1;76;122.019;0.625;2010
0.0338;0.663;220800;0.861;0;0.082;-3.398;0;78;119.963;0.654;2010
0.0401;0.728;214240;0.859;0;0.111;-5.237;0;78;65.043;0.535;2010
0.529;0.855;248133;0.954;1;0.205;-1.19;0;78;114.635;0.668;2010
0.0000151;0.689;233867;0.739;0;0.064;-5.81;1;76;120.423;0.578;2010
0.131;0.312;242496;0.418;0;0.0836;-9.146;1;78;130.795;0.237;2010
0.00627;0.766;202627;0.873;0;0.0764;-6.381;0;77;126.988;0.743;2010
0.00847;0.56;218013;0.936;0;0.161;-5.835;1;81;112.96;0.371;2011
0.498;0.657;182947;0.56;0;0.0794;-9.049;0;84;161.993;0.854;2011
0.145;0.733;239600;0.71;0;0.0956;-5.849;0;84;127.975;0.965;2011
0.0531;0.831;235320;0.427;1;0.307;-6.903;1;79;93.004;0.216;2011
0.0319;0.646;210960;0.795;0;0.267;-3.293;1;80;89.99;0.796;2011
0.309;0.421;285120;0.407;0;0.11;-7.445;1;80;139.028;0.161;2011
0.127;0.789;219333;0.858;1;0.349;-5.542;1;79;140.022;0.775;2011
0.893;0.556;285240;0.319;0;0.0996;-8.251;1;76;135.187;0.294;2011
0.192;0.671;252307;0.939;0;0.298;-3.206;1;79;129.023;0.529;2011
0.0525;0.715;207333;0.655;1;0.115;-6.425;1;77;95.078;0.531;2011
0.0509;0.449;278719;0.585;0;0.0833;-6.761;1;79;139.631;0.212;2011
0.0761;0.858;188453;0.678;0;0.0741;-3.87;0;77;117.009;0.922;2011
0.669;0.642;258373;0.289;0;0.18;-9.918;1;76;84.996;0.407;2011
0.908;0.339;206640;0.214;0;0.341;-11.714;1;85;94.775;0.363;2012
0.0703;0.716;386907;0.531;1;0.224;-7.355;1;76;71.994;0.344;2012
0.0384;0.72;175427;0.791;0;0.157;-4.689;1;80;102.071;0.756;2012
0.00301;0.471;177280;0.924;0;0.313;-3.906;1;80;154.961;0.725;2012
0.932;0.612;213827;0.28;0;0.088;-8.648;1;83;72.795;0.387;2012
0.865;0.647;119787;0.465;0;0.0882;-8.308;1;80;151.251;0.699;2012
0.0291;0.641;258343;0.922;0;0.0862;-4.457;1;82;146.078;0.847;2012
0.009;0.726;199987;0.787;0;0.0596;-2.494;1;82;124.99;0.888;2012
0.000972;0.707;206413;0.924;0;0.204;-2.842;1;80;127.937;0.919;2012
0.049;0.726;233478;0.698;0;0.309;-4.165;1;81;143.994;0.867;2012
0.0295;0.581;204160;0.963;0;0.139;-4.087;1;79;129.992;0.788;2012
0.346;0.778;242733;0.547;0;0.132;-7.273;1;81;95.002;0.441;2012
0.0206;0.457;266600;0.757;0;0.146;-5.177;1;78;102.961;0.417;2012
0.0277;0.303;192960;0.9;0;0.11;-2.352;0;76;149.508;0.491;2012
0.00498;0.711;211920;0.7;0;0.215;-4.805;0;76;128.001;0.801;2012
0.126;0.514;200400;0.727;0;0.0978;-6.131;1;78;147.917;0.37;2012
0.0991;0.608;232947;0.86;0;0.262;-5.324;0;76;127.075;0.437;2012
0.811;0.709;219040;0.22;0;0.175;-11.856;1;78;110.076;0.53;2012
0.135;0.482;224920;0.706;0;0.105;-5.762;1;76;92.494;0.144;2012
0.0412;0.874;178560;0.692;1;0.324;-5.28;0;76;116.017;0.937;2012
0.0208;0.747;224653;0.937;0;0.29;-5.746;1;77;103.976;0.739;2012
0.112;0.612;212862;0.84;0;0.116;-3.145;0;77;129.042;0.438;2012
0.0495;0.612;240400;0.807;0;0.101;-2.81;1;89;124.053;0.398;2013
0.00128;0.509;229640;0.812;0;0.214;-5.439;1;77;159.878;0.689;2013
0.0483;0.691;161124;0.631;0;0.104;-6.478;1;86;92.004;0.8;2013
0.186;0.548;272394;0.532;0;0.217;-7.596;1;85;85.03;0.405;2013
0.922;0.422;269560;0.264;0;0.132;-7.064;1;85;119.93;0.331;2013
0.172;0.209;305747;0.412;0;0.0843;-9.733;1;82;86.26;0.162;2013
0.455;0.537;298373;0.66;0;0.135;-7.174;1;76;148.096;0.574;2013
0.00272;0.235;227296;0.86;0;0.388;-2.842;0;76;127.788;0.342;2013
0.136;0.464;183956;0.417;0;0.0974;-9.345;0;81;67.528;0.479;2013
0.0038;0.532;247427;0.783;0;0.161;-5.697;1;84;124.08;0.643;2013
0.534;0.511;258969;0.472;0;0.11;-9.277;1;76;127.978;0.0399;2013
0.113;0.472;234215;0.448;1;0.0914;-7.272;0;76;166.077;0.636;2013
0.234;0.574;484147;0.512;0;0.0946;-6.664;0;82;76.899;0.512;2013
0.225;0.6;245493;0.663;0;0.119;-5.802;1;82;121.07;0.286;2013
0.145;0.367;229147;0.665;1;0.113;-2.821;1;76;148.913;0.31;2013
0.0098;0.602;216013;0.923;0;0.0561;-3.763;1;76;136.01;0.765;2013
0.262;0.324;236053;0.416;0;0.11;-8.92;0;78;113.986;0.151;2013
0.0239;0.853;233787;0.693;1;0.11;-6.87;1;76;95.967;0.662;2013
0.0501;0.748;170933;0.778;0;0.284;-5.752;1;76;95.989;0.777;2013
0.000176;0.655;192790;0.819;0;0.104;-4.852;1;79;117.956;0.766;2013
0.00882;0.613;231240;0.622;0;0.37;-5.794;0;78;80.003;0.484;2013
0.00616;0.288;201726;0.758;0;0.303;-5.692;0;80;97.094;0.619;2013
0.397;0.708;363521;0.843;1;0.799;-2.66;1;76;148.14;0.625;2013
0.22;0.574;237933;0.329;0;0.0986;-6.829;1;78;130.993;0.356;2013
0.0738;0.504;210840;0.785;0;0.239;-4.802;1;76;173.968;0.502;2013
0.0227;0.652;200107;0.877;0;0.0789;-2.986;1;76;118.491;0.486;2013
0.407;0.53;221360;0.422;0;0.107;-6.262;1;76;119.964;0.349;2013
0.141;0.376;209440;0.696;0;0.11;-4.785;0;78;169.515;0.303;2013
0.0426;0.794;248413;0.811;0;0.101;-8.966;0;77;116.047;0.862;2013
0.0309;0.545;255093;0.78;0;0.0828;-4.867;0;76;125.014;0.458;2013
0.0489;0.525;204093;0.621;0;0.294;-7.364;1;88;191.9;0.591;2014
0.301;0.692;292987;0.521;1;0.0565;-8.465;0;84;100.45;0.463;2014
0.431;0.484;204280;0.731;0;0.151;-6.694;1;77;101.654;0.51;2014
0.0751;0.517;239320;0.705;1;0.128;-8.205;0;79;175.906;0.584;2014
0.859;0.672;226600;0.52;0;0.115;-7.747;1;82;120.001;0.37;2014
0.22;0.805;242983;0.33;1;0.105;-8.712;0;79;121.97;0.211;2014
0.0317;0.699;206167;0.529;0;0.285;-7.548;1;82;119.987;0.121;2014
0.00701;0.578;199080;0.866;0;0.257;-3.804;1;80;128.038;0.619;2014
0.588;0.418;172724;0.42;0;0.11;-6.444;1;81;84.094;0.184;2014
0.22;0.681;248360;0.582;0;0.119;-7.76;0;80;124.038;0.221;2014
0.0591;0.673;194240;0.902;0;0.0558;-2.392;1;78;100.012;0.538;2014
0.746;0.5;185200;0.292;0;0.188;-8.554;1;78;145.879;0.37;2014
0.0591;0.748;235493;0.788;1;0.0863;-7.055;1;80;120.076;0.884;2014
0.529;0.677;239317;0.485;0;0.0766;-5.795;1;81;82.001;0.493;2014
0.474;0.781;281560;0.445;0;0.184;-6.061;1;83;78.998;0.591;2014
0.647;0.553;166147;0.476;0;0.281;-8.869;1;76;113.401;0.558;2014
0.0921;0.72;229360;0.802;1;0.694;-5.797;1;78;124.043;0.723;2014
0.957;0.438;170964;0.178;0;0.316;-9.402;1;77;75.248;0.344;2014
0.26;0.706;199387;0.786;0;0.38;-3.417;0;78;150.028;0.751;2014
0.874;0.439;287693;0.153;0;0.107;-8.95;1;78;116.76;0.104;2014
0.0495;0.507;238360;0.889;0;0.0983;-2.755;0;77;135.021;0.333;2014
0.607;0.614;258987;0.379;0;0.0986;-10.48;1;83;107.989;0.201;2014
0.0211;0.596;222533;0.856;0;0.141;-3.556;0;79;127.949;0.743;2014
0.0166;0.527;176658;0.835;0;0.249;-5.298;1;82;125.983;0.654;2014
0.219;0.647;232720;0.822;0;0.0908;-4.662;0;79;160.019;0.962;2014
0.0205;0.742;189960;0.713;0;0.059;-5.522;0;77;120.032;0.879;2014
0.857;0.407;229400;0.147;0;0.0913;-8.822;1;76;141.284;0.0765;2014
0.093;0.628;197267;0.593;0;0.096;-5.036;1;78;125.026;0.104;2014
0.00489;0.545;193733;0.783;0;0.132;-4.261;0;76;174.084;0.551;2014
0.0846;0.717;200733;0.455;0;0.11;-8.303;1;77;127.812;0.389;2014
0.00433;0.536;228133;0.768;0;0.114;-5.948;0;78;77.217;0.545;2014
0.000185;0.279;231013;0.742;0;0.593;-6.46;0;77;189.868;0.328;2014
0.213;0.646;227267;0.823;0;0.322;-4.123;0;78;128.035;0.418;2014
0.0423;0.774;224840;0.756;0;0.305;-4.995;1;78;144.032;0.931;2014
0.00617;0.545;267867;0.675;0;0.209;-6.474;1;77;124.97;0.162;2014
0.101;0.72;198053;0.741;0;0.289;-6.529;0;80;119.896;0.357;2014
0.499;0.757;235133;0.632;0;0.0723;-6.83;1;76;122.936;0.742;2014
0.0678;0.588;260173;0.521;0;0.123;-9.461;1;87;85.012;0.337;2015
0.00543;0.611;218107;0.797;0;0.26;-7.627;0;85;120.041;0.518;2015
0.0115;0.64;216320;0.74;1;0.167;-4.083;1;85;116.879;0.785;2015
0.205;0.392;293293;0.37;0;0.0821;-10.888;1;79;48.718;0.512;2015
0.0371;0.764;196520;0.705;0;0.0943;-5.279;0;82;101.003;0.672;2015
0.0671;0.585;242253;0.564;1;0.135;-7.063;0;84;113.003;0.137;2015
0.223;0.765;198293;0.356;1;0.0963;-5.556;0;78;96.991;0.189;2015
0.612;0.68;179867;0.729;1;0.224;-5.077;1;84;123.97;0.446;2015
0.107;0.525;194613;0.433;1;0.135;-10.598;1;78;160.108;0.276;2015
0.324;0.753;145078;0.679;1;0.423;-7.092;0;79;105.977;0.19;2015
0.47;0.843;208080;0.435;1;0.147;-8.442;1;76;120.058;0.19;2015
0.611;0.63;245172;0.5;1;0.114;-8.755;0;79;144.871;0.315;2015
0.0462;0.734;202333;0.637;0;0.0602;-5.677;0;83;169.977;0.648;2015
0.157;0.709;251860;0.362;1;0.109;-9.814;1;76;122.043;0.113;2015
0.00359;0.393;228360;0.858;0;0.102;-2.868;0;80;176.042;0.56;2015
0.051;0.766;165600;0.64;1;0.237;-8.899;1;77;100.044;0.67;2015
0.187;0.689;212947;0.564;1;0.0721;-6.226;1;76;185.023;0.123;2015
0.113;0.402;339067;0.526;1;0.105;-6.741;0;76;81.404;0.312;2015
0.194;0.598;238307;0.252;1;0.0992;-15.086;1;76;120.064;0.0352;2015
0.56;0.811;226073;0.266;0;0.0962;-12.478;1;76;130.044;0.211;2015
0.00801;0.856;269667;0.609;0;0.0344;-7.223;1;81;114.988;0.928;2015
0.12;0.576;179955;0.759;0;0.121;-8.165;1;76;99.969;0.501;2015
0.00835;0.645;214507;0.713;0;0.113;-5.355;1;80;74.989;0.566;2015
0.222;0.572;249040;0.631;1;0.135;-9.836;0;79;134.078;0.0713;2015
0.00256;0.618;196693;0.717;1;0.625;-5.738;1;76;190.05;0.603;2015
0.369;0.689;229526;0.481;0;0.0649;-7.503;1;81;80.025;0.283;2015
0.178;0.389;193547;0.665;0;0.116;-6.169;1;76;117.055;0.199;2015
0.0725;0.849;111020;0.648;1;0.0984;-6.188;1;76;106.075;0.196;2015
0.4;0.63;225053;0.53;0;0.177;-7.259;1;79;108.038;0.417;2015
0.00767;0.713;262693;0.526;1;0.124;-5.046;1;76;131.05;0.131;2015
0.113;0.705;213520;0.769;0;0.105;-5.526;0;78;107.949;0.583;2015
0.835;0.609;233720;0.378;0;0.28;-9.828;1;81;100.418;0.515;2015
0.875;0.582;188238;0.272;0;0.13;-5.662;1;78;205.846;0.354;2015
0.0797;0.654;200787;0.76;0;0.299;-3.669;0;81;99.945;0.41;2015
0.109;0.73;192120;0.703;0;0.0657;-5.672;0;80;138.113;0.595;2015
0.0215;0.688;192191;0.702;0;0.128;-4.792;0;76;94.006;0.74;2015
0.0438;0.64;177973;0.681;0;0.166;-5.362;1;76;118.062;0.676;2015
0.0184;0.756;251467;0.674;1;0.158;-6.518;0;76;111.995;0.389;2015
0.694;0.657;189000;0.355;0;0.123;-12.044;1;76;74.99;0.0808;2015
0.0144;0.526;195200;0.862;0;0.229;-6.003;1;76;90.052;0.528;2015
0.59;0.845;205680;0.567;0;0.0811;-8.118;0;77;125.02;0.793;2015
0.701;0.311;208827;0.485;0;0.0726;-5.726;0;88;77.355;0.225;2016
0.0847;0.841;243837;0.728;1;0.149;-3.37;1;87;130.049;0.43;2016
0.0689;0.556;223347;0.538;1;0.196;-5.408;0;82;143.95;0.291;2016
0.695;0.358;211467;0.557;0;0.0902;-7.398;1;86;85.043;0.494;2016
0.167;0.743;326933;0.347;1;0.103;-11.174;1;82;160.143;0.572;2016
0.215;0.63;220293;0.804;1;0.253;-4.183;1;81;123.146;0.492;2016
0.787;0.412;257267;0.227;1;0.282;-12.696;1;79;80.111;0.226;2016
0.262;0.432;249587;0.652;0;0.258;-4.969;1;80;190.028;0.507;2016
0.245;0.639;216880;0.526;0;0.25;-6.697;1;79;130.033;0.488;2016
0.42;0.466;307151;0.548;1;0.113;-9.362;0;78;89.815;0.423;2016
0.782;0.567;249191;0.388;1;0.248;-9.579;0;79;116.362;0.452;2016
0.141;0.679;230453;0.587;1;0.137;-7.015;1;83;186.003;0.486;2016
0.414;0.748;244960;0.524;0;0.111;-5.599;1;84;95.01;0.661;2016
0.67;0.544;184516;0.552;0;0.415;-7.45;1;79;159.738;0.554;2016
0.931;0.421;177922;0.0952;0;0.126;-12.561;1;79;109.698;0.0773;2016
0.784;0.444;248808;0.0924;0;0.304;-15.605;1;77;108.917;0.219;2016
0.013;0.853;206693;0.56;0;0.0944;-4.961;1;81;134.066;0.86;2016
0.11;0.671;191600;0.314;1;0.0825;-8.091;0;79;110.898;0.296;2016
0.323;0.685;186467;0.61;0;0.102;-5.221;0;78;94.384;0.323;2016
0.233;0.675;256533;0.562;1;0.0816;-7.678;1;77;130.098;0.309;2016
0.228;0.665;179613;0.498;1;0.0757;-8.185;1;78;81.967;0.127;2016
0.118;0.724;135920;0.573;1;0.538;-4.113;1;76;113.088;0.438;2016
0.738;0.583;173560;0.572;0;0.266;-4.776;1;77;113.998;0.684;2016
0.0312;0.886;177184;0.427;1;0.0906;-10.028;1;77;108.034;0.23;2016
0.0841;0.732;195920;0.396;0;0.105;-9.348;0;81;90.024;0.548;2016
0.0905;0.707;270847;0.238;1;0.0842;-8.818;1;76;124.156;0.345;2016
0.687;0.492;251034;0.275;1;0.101;-13.4;0;80;92.6;0.18;2016
0.775;0.766;161985;0.548;1;0.1;-4.29;1;77;82.944;0.424;2016
0.227;0.811;134197;0.609;1;0.102;-8.376;1;77;120.071;0.439;2016
0.287;0.765;237300;0.473;0;0.391;-5.829;1;79;119.992;0.34;2016
0.0717;0.509;224000;0.637;1;0.0789;-4.83;0;80;172.006;0.378;2016
0.111;0.582;260253;0.525;0;0.134;-7.163;0;77;133.249;0.51;2016
0.0549;0.564;204013;0.714;0;0.155;-4.987;1;79;175.924;0.33;2016
0.034;0.818;225983;0.803;0;0.153;-4.282;1;78;106.97;0.632;2016
0.308;0.696;246880;0.543;0;0.0939;-6.164;1;78;107.969;0.479;2016
0.00776;0.792;173987;0.625;0;0.329;-5.609;1;80;103.967;0.37;2016
0.702;0.391;131272;0.396;0;0.315;-8.621;0;81;99.112;0.199;2016
0.656;0.407;175467;0.416;0;0.0981;-8.915;0;79;176.947;0.246;2016
0.378;0.728;181880;0.616;0;0.105;-4.238;1;76;99.962;0.508;2016
0.117;0.584;202747;0.7;1;0.0939;-4.275;1;78;124.944;0.438;2016
0.428;0.773;269187;0.819;0;0.0679;-5.946;0;79;92.987;0.585;2016
0.152;0.774;219147;0.753;1;0.0371;-5.446;0;78;119.002;0.896;2016
0.103;0.803;214480;0.585;0;0.0644;-5.861;1;78;105.017;0.593;2016
0.579;0.489;213707;0.505;0;0.104;-8.022;0;78;163.255;0.337;2016
0.255;0.502;243491;0.786;1;0.65;-4.378;0;76;169.021;0.739;2016
0.807;0.576;189613;0.307;0;0.0792;-12.732;0;76;67.513;0.157;2016
0.0863;0.649;205947;0.716;0;0.135;-5.371;1;81;99.988;0.163;2016
0.157;0.532;208373;0.869;0;0.136;-5.094;1;79;159.803;0.422;2016
0.00258;0.891;267067;0.628;0;0.0504;-7.863;1;76;134.966;0.552;2016
0.199;0.63;222160;0.928;0;0.148;-2.787;0;78;123.963;0.465;2016
0.469;0.872;119133;0.391;1;0.297;-9.144;0;87;134.021;0.437;2017
0.847;0.734;95467;0.57;1;0.112;-7.066;0;85;129.953;0.689;2017
0.109;0.773;220587;0.75;1;0.174;-4.009;0;82;123.426;0.783;2017
0.0172;0.797;146520;0.533;1;0.103;-9.74;0;83;131.036;0.329;2017
0.00264;0.732;182707;0.75;1;0.109;-6.366;0;83;155.096;0.401;2017
0.874;0.776;210285;0.503;1;0.112;-5.732;0;81;110.134;0.473;2017
0.112;0.795;275080;0.594;1;0.162;-6.2;1;80;135.002;0.409;2017
0.371;0.558;180387;0.559;1;0.109;-9.222;1;80;78.558;0.62;2017
0.149;0.88;172800;0.428;1;0.114;-8.28;1;81;100.007;0.333;2017
0.312;0.662;212120;0.714;0;0.179;-5.68;0;82;147.997;0.464;2017
0.000282;0.908;177000;0.621;1;0.0958;-6.638;0;82;150.011;0.421;2017
0.617;0.703;221747;0.757;1;0.106;-3.612;1;77;82.008;0.696;2017
0.264;0.8;213400;0.585;1;0.153;-7.343;1;78;126.058;0.779;2017
0.013;0.551;240760;0.801;0;0.265;-5.069;1;77;128.027;0.625;2017
0.131;0.692;231253;0.684;1;0.156;-7.364;1;78;112.912;0.406;2017
0.0622;0.776;204347;0.78;0;0.081;-4.374;0;87;124.949;0.666;2017
0.163;0.599;263400;0.448;0;0.106;-6.312;1;86;95.05;0.168;2017
0.422;0.658;278180;0.294;0;0.0749;-8.533;0;79;74.038;0.358;2017
0.259;0.763;126346;0.726;1;0.0976;-6.405;1;82;139.059;0.349;2017
0.199;0.798;202547;0.539;0;0.165;-6.351;1;80;136.949;0.394;2017
0.791;0;90228;0.00342;0;0.111;-28.46;1;84;0;0;2017
0.365;0.331;218755;0.45;0;0.22;-5.362;1;78;123.829;0.18;2017
0.821;0.739;146390;0.522;1;0.233;-12.304;0;78;138.263;0.619;2017
0.593;0.93;178352;0.611;0;0.0592;-4.406;1;79;112.127;0.695;2017
0.33;0.736;219080;0.449;0;0.0898;-11.462;0;79;80.126;0.326;2017
0.0153;0.464;222533;0.813;0;0.254;-6.185;1;76;75.977;0.515;2017
0.491;0.577;231400;0.523;1;0.147;-5.538;0;78;134.93;0.29;2017
0.469;0.618;198853;0.443;0;0.0829;-9.681;1;82;119.949;0.167;2017
0.0262;0.534;231547;0.583;1;0.421;-8.672;1;81;105.997;0.145;2017
0.395;0.575;262231;0.714;1;0.115;-5.247;1;79;144.982;0.32;2017
0.944;0;135484;0.0000203;0;0.112;-40.449;0;77;0;0;2017
0.256;0.52;180823;0.761;0;0.17;-3.093;1;82;141.971;0.286;2017
0.0509;0.743;203373;0.732;1;0.227;-4.511;1;79;123.994;0.339;2017
0.00671;0.605;187147;0.822;0;0.147;-4.833;1;83;167.997;0.288;2017
0.659;0.551;199387;0.386;0;0.125;-10.22;1;78;116.409;0.245;2017
0.923;0;147097;0.0000498;0;0.11;-32.354;0;78;0;0;2017
0.161;0.513;209213;0.661;0;0.246;-6.419;1;78;94.791;0.179;2017
0.0275;0.516;340707;0.595;0;0.109;-4.63;1;82;119.972;0.222;2017
0.225;0.83;228600;0.585;0;0.0576;-5.802;1;78;105.03;0.642;2017
0.242;0.4;272187;0.366;1;0.126;-9.405;0;76;73.313;0.161;2017
0.515;0.759;237507;0.245;1;0.102;-6.545;1;76;96.992;0.209;2017
0.0151;0.884;220307;0.346;1;0.0871;-8.228;0;79;75.016;0.376;2017
0.569;0.62;250173;0.574;1;0.19;-7.788;0;79;100.023;0.357;2017
0.816;0.511;200379;0.363;0;0.084;-7.65;0;81;144.892;0.169;2017
0.256;0.809;298941;0.463;1;0.109;-11.377;1;79;111.98;0.364;2017
0.843;0.433;87561;0.778;1;0.139;-7.681;1;77;114.208;0.764;2017
0.00454;0.638;185947;0.523;1;0.0842;-6.664;1;77;139.913;0.422;2017
0.00522;0.745;212027;0.593;1;0.123;-6.35;1;76;111.002;0.17;2017
0.865;0.817;123884;0.551;0;0.101;-9.33;0;76;109.966;0.142;2017
0.646;0.384;252231;0.765;1;0.522;-4.463;1;77;129.903;0.567;2017
0.737;0.483;203569;0.412;0;0.116;-8.461;1;80;170.163;0.247;2017
0.581;0.825;233713;0.652;0;0.0931;-3.183;0;85;95.977;0.931;2017
0.0102;0.833;204600;0.434;1;0.165;-8.795;1;80;150.062;0.281;2017
0.217;0.756;155720;0.609;1;0.096;-7.927;1;77;117.023;0.537;2017
0.0306;0.747;213132;0.524;1;0.2;-6.807;0;76;140.053;0.363;2017
0.047;0.643;163870;0.783;0;0.083;-6.458;1;77;154.084;0.579;2017
0.536;0.522;207520;0.385;0;0.135;-7.355;1;82;89.792;0.236;2017
0.743;0.516;124000;0.358;0;0.0813;-12.018;0;76;79.509;0.397;2017
0.0498;0.617;247160;0.635;0;0.164;-6.769;0;82;103.019;0.446;2017
0.495;0.775;171806;0.573;0;0.126;-4.933;1;77;101.925;0.667;2017
0.0237;0.705;203760;0.64;1;0.262;-6.928;0;78;144.077;0.887;2017
0.0293;0.726;233902;0.769;1;0.104;-5.043;1;80;97.985;0.733;2017
0.808;0.524;209831;0.364;0;0.1;-10.209;1;78;75.24;0.436;2017
0.768;0.735;129720;0.197;1;0.296;-13.378;0;77;147.899;0.383;2017
0.795;0.473;209400;0.371;0;0.109;-10.219;0;77;75.208;0.413;2017
0.723;0.705;208026;0.373;0;0.289;-9.066;1;78;120.046;0.551;2017
0.746;0.427;224867;0.262;0;0.068;-8.541;1;78;104.085;0.228;2017
0.0417;0.801;163253;0.795;0;0.0717;-5.115;0;78;79.028;0.754;2017
0.782;0.746;120027;0.251;1;0.106;-16.169;0;77;139.999;0.18;2017
0.00568;0.468;219800;0.936;0;0.24;-3.683;1;79;75.05;0.663;2017
0.00064;0.375;176387;0.93;0;0.318;-2.631;1;79;147.124;0.491;2017
0.0337;0.664;174800;0.708;0;0.0841;-4.154;1;78;103.07;0.742;2017
0.0769;0.671;165820;0.529;1;0.0856;-7.226;1;87;161.989;0.203;2018
0.349;0.511;239836;0.566;1;0.34;-7.23;0;88;83.903;0.218;2018
0.544;0.515;209274;0.479;1;0.191;-7.458;1;84;88.964;0.284;2018
0.369;0.614;234347;0.68;0;0.115;-4.58;1;80;149.959;0.707;2018
0.483;0.716;165907;0.512;0;0.0928;-6.257;1;91;104.957;0.326;2018
0.934;0.351;200186;0.296;0;0.095;-10.109;0;88;115.284;0.12;2018
0.657;0.631;205453;0.591;0;0.11;-5.785;1;79;97.074;0.489;2018
0.258;0.74;166606;0.613;1;0.123;-4.88;1;86;75.023;0.473;2018
0.0852;0.897;145543;0.662;1;0.534;-6.903;0;82;112.511;0.389;2018
0.00513;0.834;312820;0.73;1;0.124;-3.714;1;86;155.008;0.446;2018
0.676;0.551;193200;0.402;0;0.0928;-7.431;1;79;103.313;0.382;2018
0.186;0.736;169999;0.67;1;0.114;-6.702;1;81;130.032;0.845;2018
0.556;0.76;158040;0.479;0;0.0703;-5.574;1;84;89.911;0.913;2018
0.0414;0.665;175755;0.651;1;0.0896;-5.515;1;81;163.935;0.237;2018
0.556;0.921;135090;0.537;1;0.102;-5.723;0;85;128.009;0.711;2018
0.124;0.585;218147;0.52;1;0.131;-6.136;0;85;159.801;0.129;2018
0.145;0.759;268434;0.73;1;0.11;-7.985;0;81;115.007;0.74;2018
0.368;0.901;203267;0.464;1;0.238;-9.789;0;81;109.004;0.638;2018
0.661;0.592;110886;0.457;1;0.146;-6.081;0;84;146.04;0.225;2018
0.0175;0.669;196400;0.574;1;0.146;-6.442;0;83;120.013;0.273;2018
0.883;0.669;121887;0.308;0;0.0984;-10.068;1;84;64.934;0.52;2018
0.259;0.889;180522;0.496;1;0.252;-6.365;0;81;86.003;0.544;2018
0.123;0.785;159382;0.431;0;0.0887;-8.756;0;85;127.085;0.236;2018
0.115;0.594;191840;0.798;1;0.143;-5.244;1;81;142.049;0.381;2018
0.0355;0.963;142273;0.346;1;0.108;-9.309;0;78;119.957;0.562;2018
0.779;0.699;160184;0.304;1;0.137;-11.192;1;83;119.705;0.271;2018
0.331;0.68;231267;0.578;1;0.135;-5.804;1;83;145.038;0.341;2018
0.224;0.764;158421;0.394;1;0.119;-8.559;1;80;92.011;0.471;2018
0.72;0.498;179080;0.235;0;0.144;-16.541;0;84;118.917;0.0895;2018
0.588;0.81;208293;0.353;1;0.102;-9.931;0;79;88.031;0.0727;2018
0.0381;0.742;258475;0.579;1;0.0952;-5.024;1;78;144.994;0.502;2018
0.113;0.566;184154;0.366;0;0.155;-12.808;1;81;129.959;0.237;2018
0.66;0.769;164640;0.479;0;0.0914;-5.339;1;79;96.051;0.803;2018
0.188;0.673;153800;0.649;1;0.122;-8.433;0;78;153.075;0.47;2018
0.191;0.687;214290;0.792;0;0.167;-2.749;1;84;100.015;0.671;2018
0.0802;0.776;186945;0.736;1;0.159;-4.612;1;78;147.946;0.233;2018
0.367;0.52;345133;0.538;1;0.119;-8.109;1;79;141.894;0.177;2018
0.0153;0.581;189487;0.662;1;0.111;-5.239;1;80;93.023;0.434;2018
0.68;0.767;121680;0.538;1;0.192;-6.044;0;77;81.031;0.343;2018
0.111;0.935;145627;0.552;1;0.0952;-9.373;0;78;99.993;0.615;2018
0.0332;0.754;198973;0.449;1;0.552;-9.211;1;83;77.169;0.357;2018
0.0079;0.825;175954;0.572;1;0.113;-6.067;0;78;141.991;0.568;2018
0.619;0.672;174358;0.588;1;0.0992;-9.573;1;80;169.033;0.204;2018
0.0395;0.837;288624;0.636;1;0.342;-7.643;1;78;145.972;0.274;2018
0.193;0.579;190947;0.904;0;0.064;-2.729;1;83;82.014;0.681;2018
0.432;0.675;199506;0.761;0;0.102;-4.469;0;79;119.001;0.428;2018
0.535;0.752;197437;0.505;0;0.104;-7.621;1;83;91.97;0.419;2018
0.0605;0.698;232187;0.633;1;0.0926;-4.946;1;80;96.924;0.552;2018
0.113;0.808;166400;0.617;1;0.734;-9.32;0;77;149.962;0.632;2018
0.0102;0.705;299960;0.712;0;0.1;-6.156;1;81;97.512;0.62;2018
0.0622;0.715;205800;0.639;0;0.157;-5.017;0;77;149.996;0.151;2018
0.0963;0.631;176443;0.709;1;0.376;-4.666;1;76;84.504;0.2;2018
0.171;0.753;184732;0.657;0;0.112;-3.061;1;82;107.01;0.437;2018
0.0521;0.861;228760;0.603;1;0.0924;-5.788;0;79;98.043;0.504;2018
0.17;0.461;228373;0.593;0;0.307;-4.954;1;81;134.17;0.175;2018
0.546;0.75;221440;0.56;1;0.111;-8.094;1;80;140.06;0.459;2018
0.099;0.816;253390;0.726;1;0.372;-3.998;0;81;136.048;0.65;2018
0.0765;0.596;229320;0.552;0;0.104;-10.278;0;76;97.949;0.112;2018
0.0531;0.763;190557;0.628;0;0.114;-5.85;1;80;140.958;0.193;2018
0.0484;0.656;141587;0.542;1;0.126;-7.358;1;76;166.111;0.551;2018
0.74;0.652;169354;0.557;0;0.124;-5.714;0;84;150.073;0.483;2018
0.462;0.699;165000;0.558;1;0.116;-7.622;1;79;79.992;0.493;2018
0.918;0.331;204326;0.235;0;0.137;-7.7;1;82;171.232;0.218;2018
0.00534;0.95;183527;0.59;1;0.11;-6.508;0;78;130.003;0.219;2018
0.443;0.656;222374;0.432;1;0.132;-9.481;0;77;97.022;0.0897;2018
0.297;0.752;201661;0.488;1;0.0936;-7.05;1;82;136.041;0.533;2018
0.0165;0.912;238614;0.412;1;0.104;-8.074;1;78;154.983;0.423;2018
0.8;0.481;227693;0.267;0;0.249;-9.249;1;79;117.64;0.137;2018
0.0169;0.596;203418;0.854;0;0.124;-5.114;0;81;120.274;0.152;2018
0.194;0.729;183907;0.625;1;0.248;-5.266;1;77;146.034;0.261;2018
0.607;0.795;181613;0.178;0;0.623;-11.991;1;81;93.982;0.608;2018
0.371;0.572;215733;0.385;0;0.231;-6.362;1;84;95.799;0.323;2018
0.696;0.821;138507;0.44;0;0.225;-7.378;1;77;96.563;0.822;2018
0.839;0.682;260285;0.173;0;0.0983;-8.749;1;82;112.663;0.236;2018
0.64;0.664;227533;0.667;1;0.0753;-5.941;1;76;180.064;0.381;2018
0.648;0.6;225133;0.535;1;0.162;-7.043;1;77;71.912;0.269;2018
0.0891;0.585;210747;0.909;1;0.119;-6.474;1;77;93.372;0.758;2018
0.073;0.754;121347;0.342;1;0.193;-8.677;0;76;128.981;0.423;2018
0.0739;0.543;231298;0.492;1;0.11;-7.432;1;76;220.099;0.107;2018
0.697;0.553;196373;0.586;1;0.0813;-6.319;1;82;126.684;0.443;2018
0.682;0.494;274693;0.632;0;0.0869;-6.89;1;77;147.873;0.0797;2018
0.407;0.791;179449;0.587;1;0.148;-5.075;0;76;96.057;0.536;2018
0.00947;0.487;270715;0.789;1;0.189;-3.69;1;78;150.007;0.0564;2018
0.04;0.699;205920;0.713;0;0.294;-5.507;0;80;121.993;0.354;2018
0.113;0.822;223000;0.575;1;0.106;-5.95;1;77;100.087;0.616;2018
0.0233;0.602;197547;0.658;1;0.237;-5.934;1;80;145.031;0.268;2018
0.201;0.702;198408;0.708;1;0.118;-5.366;0;78;147.98;0.713;2018
0.104;0.896;196653;0.586;1;0.79;-6.687;0;89;116.971;0.642;2019
0.328;0.685;240051;0.692;1;0.153;-5.122;1;87;159.966;0.578;2019
0.192;0.695;215280;0.762;0;0.0863;-3.497;1;89;120.042;0.553;2019
0.598;0.744;188387;0.619;0;0.231;-9.805;1;87;112.997;0.641;2019
0.122;0.548;174000;0.816;0;0.335;-4.209;1;91;95.39;0.557;2019
0.751;0.501;182161;0.405;0;0.105;-5.679;1;90;109.891;0.446;2019
0.156;0.682;178000;0.683;0;0.273;-6.444;0;84;120.023;0.64;2019
0.0967;0.585;142000;0.471;1;0.115;-9.934;0;86;93.099;0.323;2019
0.0546;0.598;175721;0.427;1;0.21;-8.764;0;87;76.469;0.0605;2019
0.0687;0.474;189323;0.631;1;0.132;-5.884;0;83;180.051;0.425;2019
0.866;0.464;208687;0.473;0;0.109;-10.086;1;86;75.801;0.604;2019
0.208;0.749;226987;0.463;1;0.337;-8.433;1;85;90.028;0.19;2019
0.189;0.769;159715;0.787;1;0.129;-3.909;1;84;126.77;0.836;2019
0.21;0.448;208907;0.838;0;0.131;-5.257;0;88;139.863;0.254;2019
0.392;0.809;180435;0.545;1;0.151;-6.678;1;83;97.008;0.244;2019
0.0522;0.621;163636;0.601;1;0.46;-5.616;0;86;116.735;0.457;2019
0.839;0.567;240133;0.267;0;0.089;-6.502;1;87;110.011;0.0592;2019
0.0237;0.676;207133;0.771;0;0.102;-3.675;1;87;99.048;0.569;2019
0.183;0.878;158571;0.525;0;0.0714;-6.832;1;84;112.022;0.694;2019
0.827;0.552;219573;0.225;0;0.111;-11.501;1;79;138.002;0.67;2019
0.149;0.837;213594;0.364;1;0.271;-11.713;1;81;123.984;0.463;2019
0.902;0.704;245426;0.225;0;0.106;-14.454;0;86;120.006;0.243;2019
0.269;0.831;220487;0.499;1;0.3;-8.442;0;81;97.956;0.511;2019
0.153;0.654;167693;0.63;0;0.111;-4.644;1;84;89.991;0.43;2019
0.328;0.701;194088;0.425;0;0.1;-10.965;1;87;135.128;0.562;2019
0.692;0.824;209438;0.588;0;0.149;-6.4;0;89;98.027;0.513;2019
0.978;0.367;196077;0.111;0;0.0897;-14.084;1;85;82.642;0.198;2019
0.0758;0.745;248431;0.561;1;0.133;-4.869;1;81;77.557;0.449;2019
0.123;0.696;260640;0.454;1;0.155;-6.756;0;82;92.928;0.136;2019
0.256;0.787;237893;0.673;1;0.0904;-4.577;0;86;110.962;0.786;2019
0.212;0.548;216387;0.805;1;0.408;-5.732;1;85;142.094;0.648;2019
0.15;0.772;166560;0.639;1;0.0698;-7.119;1;81;168.112;0.261;2019
0.136;0.829;149547;0.539;1;0.103;-7.359;0;83;99.96;0.388;2019
0.354;0.567;224000;0.515;1;0.078;-10.265;0;82;120.1;0.321;2019
0.592;0.778;178627;0.317;1;0.0881;-10.732;0;86;140.048;0.327;2019
0.0902;0.376;177323;0.43;0;0.0912;-6.585;0;82;77.599;0.129;2019
0.23;0.554;190067;0.498;1;0.795;-8.866;1;80;79.635;0.413;2019
0.837;0.764;189486;0.32;0;0.0822;-7.209;1;88;91.019;0.575;2019
0.11;0.715;173325;0.624;1;0.123;-3.046;0;78;158.087;0.412;2019
0.00531;0.562;244798;0.683;0;0.107;-4.427;1;76;132.003;0.385;2019
0.101;0.831;205427;0.502;1;0.122;-4.045;0;81;100.541;0.101;2019
0.471;0.316;153294;0.63;0;0.205;-5.963;1;84;89.643;0.313;2019
0.132;0.641;278769;0.842;0;0.419;-7.27;1;81;129.98;0.5;2019
0.229;0.717;207320;0.653;1;0.101;-5.634;1;84;106.966;0.412;2019
0.0104;0.802;157712;0.591;1;0.196;-4.895;1;83;139.864;0.309;2019
0.0608;0.876;163320;0.662;1;0.127;-6.482;0;78;75.445;0.844;2019
0.604;0.459;215107;0.575;0;0.0885;-4.858;1;84;111.881;0.183;2019
0.913;0.561;219147;0.0848;0;0.112;-15.099;1;81;102.128;0.206;2019
0.449;0.453;204533;0.538;1;0.19;-8.212;1;80;122.973;0.516;2019
0.24;0.879;163173;0.499;1;0.0967;-6.027;0;80;106.043;0.405;2019
0.0204;0.745;131240;0.642;1;0.0658;-6.257;0;82;179.974;0.226;2019
0.0257;0.628;169397;0.744;1;0.313;-4.718;1;80;119.921;0.277;2019
0.0686;0.674;176547;0.774;0;0.393;-7.567;0;86;112.05;0.33;2019
0.677;0.706;186240;0.358;0;0.107;-8.331;1;76;75.991;0.478;2019
0.0139;0.538;186733;0.863;0;0.0874;-4.483;1;77;77.001;0.637;2019
0.604;0.459;215107;0.575;0;0.0885;-4.858;1;85;111.881;0.183;2019
0.952;0.421;291796;0.131;0;0.109;-18.435;1;81;137.446;0.12;2019
0.223;0.789;166794;0.72;0;0.129;-5.652;0;89;122.031;0.664;2019
0.946;0.736;220492;0.308;0;0.186;-7.83;1;83;111.202;0.361;2019
0.0125;0.794;183290;0.793;0;0.0952;-4.521;0;85;123.941;0.677;2019
0.177;0.83;129882;0.564;1;0.128;-7.822;1;78;85.042;0.107;2019
0.374;0.732;212607;0.463;0;0.194;-6.972;0;84;95.971;0.397;2019
0.388;0.724;233023;0.269;1;0.0808;-15.465;1;79;86.042;0.866;2019
0.533;0.755;157560;0.522;0;0.0685;-4.368;1;82;89.96;0.925;2019
0.107;0.731;177847;0.65;1;0.124;-5.286;1;79;154.968;0.605;2019
0.733;0.605;194853;0.377;0;0.0808;-6.213;1;83;73.877;0.519;2019
0.172;0.635;215381;0.537;1;0.418;-7.895;0;78;125.028;0.383;2019
0.278;0.612;197293;0.57;0;0.0963;-6.642;0;76;77.002;0.334;2019
0.334;0.735;222997;0.369;1;0.126;-9.682;0;79;140.004;0.235;2019
0.0131;0.63;131213;0.63;0;0.142;-6.211;1;79;80.512;0.163;2019
0.885;0.501;228443;0.167;0;0.111;-14.061;1;82;112.275;0.356;2019
0.108;0.657;186223;0.768;0;0.144;-4.628;1;80;75.025;0.759;2019
0.0427;0.842;181027;0.734;0;0.106;-5.065;0;83;137.958;0.952;2019
0.456;0.548;174853;0.653;1;0.103;-3.875;1;81;150.068;0.163;2019
0.0948;0.729;243976;0.603;1;0.113;-6.736;0;76;134.972;0.207;2019
0.152;0.754;242573;0.646;0;0.108;-5.795;1;83;176.089;0.429;2019
0.0513;0.733;159670;0.389;1;0.141;-8.468;0;76;157.878;0.244;2019
0.587;0.572;201084;0.406;1;0.102;-8.624;1;80;119.812;0.265;2019
0.594;0.861;133680;0.647;1;0.114;-7.425;1;78;158.037;0.67;2019
0.295;0.803;200960;0.715;0;0.0574;-3.28;1;87;101.085;0.574;2019
0.0906;0.499;229573;0.8;0;0.147;-2.665;0;78;139.919;0.272;2019
0.0794;0.816;136366;0.582;1;0.0916;-4.141;1;76;160.004;0.542;2019
0.042;0.686;112493;0.541;0;0.0675;-4.993;0;79;120.082;0.724;2019
0.281;0.857;162453;0.427;1;0.108;-8.638;1;80;130.033;0.366;2019
0.113;0.768;144935;0.652;1;0.107;-2.708;0;77;154.187;0.777;2019
0.6;0.61;250534;0.624;1;0.243;-4.773;1;81;176.169;0.244;2019
0.128;0.71;195587;0.49;1;0.0942;-9.832;1;77;74.351;0.621;2019
0.0408;0.907;150115;0.539;1;0.253;-7.782;1;77;124.918;0.664;2019
0.707;0.379;267520;0.219;0;0.118;-11.196;1;77;79.786;0.188;2019
0.174;0.682;192471;0.559;1;0.344;-5.545;1;78;202.015;0.137;2019
0.162;0.677;136568;0.714;1;0.0717;-5.637;1;77;94.956;0.355;2019
0.979;0.509;175961;0.0167;0;0.387;-24.639;1;77;207.97;0.229;2019
0.627;0.649;181891;0.453;1;0.116;-7.28;1;76;99.183;0.431;2019
0.367;0.61;201788;0.725;1;0.154;-5.131;1;77;146.163;0.291;2019
0.443;0.688;205687;0.53;0;0.0995;-5.507;1;81;106.958;0.162;2019
0.221;0.7;140526;0.722;1;0.272;-3.558;0;96;90.989;0.756;2020
0.499;0.436;279204;0.655;1;0.688;-8.37;0;91;121.002;0.412;2020
0.468;0.737;172325;0.802;1;0.0931;-4.771;1;96;144.015;0.682;2020
0.237;0.83;173711;0.585;1;0.248;-6.476;1;94;109.978;0.485;2020
0.19;0.711;123429;0.598;1;0.15;-7.621;0;94;140.175;0.737;2020
0.213;0.662;161385;0.413;1;0.134;-7.357;1;94;93.005;0.467;2020
0.114;0.823;190476;0.586;1;0.193;-6.606;0;91;125.971;0.347;2020
0.218;0.889;174321;0.34;0;0.055;-7.773;0;94;94.009;0.716;2020
0.65;0.709;160000;0.548;1;0.133;-8.493;1;93;83.995;0.543;2020
0.0194;0.935;187541;0.454;1;0.0824;-7.509;1;92;133.073;0.357;2020
0.244;0.761;261493;0.518;1;0.107;-8.871;1;89;133.976;0.522;2020
0.12;0.81;154998;0.511;1;0.0832;-6.924;0;92;151.947;0.837;2020
0.401;0.731;205090;0.573;1;0.113;-10.059;0;95;109.928;0.145;2020
0.0166;0.914;171067;0.732;1;0.107;-6.1;0;88;94.066;0.469;2020
0.00336;0.65;194621;0.613;1;0.267;-6.13;0;88;149.972;0.0804;2020
0.247;0.746;181733;0.69;1;0.101;-7.956;1;91;89.977;0.497;2020
0.00883;0.702;203064;0.825;0;0.0674;-3.787;0;90;102.977;0.915;2020
0.584;0.357;198040;0.425;0;0.322;-7.301;1;91;102.078;0.27;2020
0.833;0.392;214707;0.574;0;0.145;-9.195;1;89;81.112;0.529;2020
0.786;0.642;169266;0.374;0;0.0906;-9.386;1;93;124.099;0.0799;2020
0.256;0.799;195429;0.66;1;0.111;-6.153;0;90;140.04;0.471;2020
0.0663;0.613;158033;0.631;1;0.169;-6.965;1;87;149.992;0.33;2020
0.0187;0.905;190534;0.647;1;0.282;-5.065;0;87;130.97;0.367;2020
0.864;0.631;149297;0.239;1;0.116;-7.071;0;92;79.859;0.0927;2020
0.0172;0.625;205485;0.814;1;0.158;-5.181;1;86;144.991;0.535;2020
0.0563;0.399;210463;0.491;0;0.11;-10.778;0;89;91.066;0.151;2020
0.00473;0.731;139461;0.675;1;0.141;-5.134;0;87;124.939;0.298;2020
0.11;0.794;156498;0.756;1;0.247;-7.16;0;85;123.066;0.775;2020
0.00748;0.819;195906;0.626;1;0.167;-4.574;0;84;143.01;0.415;2020
0.0631;0.904;227478;0.723;1;0.185;-5.224;0;85;145.013;0.835;2020
0.92;0.462;244000;0.24;1;0.113;-12.077;1;85;171.319;0.32;2020
0.0676;0.652;178994;0.383;0;0.0828;-7.076;0;91;145.765;0.549;2020
0.345;0.832;132833;0.534;1;0.165;-7.813;0;84;93.924;0.116;2020
0.0303;0.856;203201;0.618;0;0.0866;-4.892;1;94;81.993;0.391;2020
0.191;0.487;232533;0.65;0;0.0933;-5.195;1;82;151.964;0.456;2020
0.00402;0.957;137984;0.437;1;0.219;-7.882;1;83;130.058;0.616;2020
0.196;0.673;212093;0.704;0;0.0898;-8.056;1;90;86.919;0.372;2020
0.25;0.8;195429;0.658;1;0.111;-6.142;0;88;140.042;0.462;2020
0.0183;0.74;170858;0.516;0;0.0558;-6.233;0;79;139.918;0.698;2020
0.0239;0.849;122587;0.536;1;0.126;-7.307;1;83;141.964;0.308;2020
0.00327;0.856;135960;0.564;1;0.134;-6.295;0;82;77.972;0.483;2020
0.36;0.487;201882;0.534;0;0.1;-5.664;0;87;131.798;0.173;2020
0.084;0.712;193293;0.556;1;0.527;-7.214;0;83;90.494;0.22;2020
0.231;0.647;193839;0.667;1;0.133;-5.563;1;82;172.08;0.704;2020
0.662;0.657;161773;0.54;0;0.123;-7.675;1;81;136.97;0.625;2020
0.00161;0.614;105176;0.937;1;0.103;-7.443;1;85;84.98;0.386;2020
0.731;0.726;173333;0.431;0;0.696;-8.765;0;89;144.026;0.348;2020
0.235;0.834;146523;0.663;1;0.372;-6.143;1;87;121.876;0.774;2020
0.0614;0.928;170233;0.341;1;0.162;-10.196;0;83;129.966;0.745;2020
0.057;0.8;200221;0.56;1;0.134;-4.818;0;87;163.071;0.45;2020
0.487;0.48;213333;0.602;1;0.0848;-6.335;0;87;179.798;0.269;2020
0.0421;0.752;213520;0.658;1;0.0927;-6.297;1;83;151.951;0.387;2020
0.316;0.755;176960;0.578;1;0.25;-8.932;0;85;94.148;0.581;2020
0.157;0.487;181688;0.74;1;0.612;-4.973;1;82;73.779;0.522;2020
0.279;0.505;247080;0.267;1;0.096;-13.763;0;83;143.929;0.439;2020
0.125;0.782;188344;0.559;1;0.385;-7.106;0;85;129.992;0.685;2020
0.00691;0.566;207481;0.716;0;0.37;-5.733;1;91;81.068;0.45;2020
0.212;0.863;178947;0.666;1;0.103;-4.158;0;95;163.908;0.838;2020
0.0417;0.706;242181;0.625;1;0.129;-7.426;1;83;142.948;0.225;2020
0.00981;0.629;167916;0.692;1;0.603;-8.045;1;84;162.948;0.453;2020
0.291;0.701;160212;0.65;1;0.112;-6.313;1;83;90.003;0.647;2020
0.0112;0.746;199054;0.765;0;0.0936;-4.41;0;91;114.044;0.737;2020
0.149;0.783;163798;0.479;1;0.101;-10.646;1;82;176.027;0.533;2020
0.698;0.641;185487;0.324;0;0.328;-5.851;1;90;110.184;0.273;2020
0.207;0.774;162547;0.554;1;0.132;-7.909;1;84;99.034;0.349;2020
0.83;0.512;185320;0.462;1;0.121;-10.491;1;82;112.05;0.353;2020
0.0469;0.727;191406;0.626;0;0.126;-8.415;1;82;86.97;0.322;2020
0.234;0.811;130014;0.637;1;0.118;-4.835;0;90;92.025;0.471;2020
0.131;0.333;172693;0.637;0;0.149;-4.904;0;87;139.898;0.132;2020
0.145;0.808;210800;0.745;1;0.292;-5.26;0;86;165.995;0.829;2020
0.43;0.619;174960;0.589;1;0.378;-6.531;1;83;143.896;0.158;2020
0.199;0.679;202008;0.516;1;0.0965;-6.371;0;82;120.074;0.716;2020
0.135;0.926;181929;0.542;1;0.0877;-5.064;1;81;135.14;0.564;2020
0.868;0.708;156106;0.186;0;0.0779;-8.953;0;84;72.541;0.322;2020
0.0149;0.82;196180;0.592;1;0.121;-7.002;1;80;159.98;0.4;2020
0.232;0.719;126521;0.598;0;0.115;-6.254;1;85;142.592;0.303;2020
0.000407;0.887;210699;0.606;1;0.151;-6.572;1;80;139.995;0.272;2020
0.105;0.766;200482;0.788;0;0.142;-3.128;0;87;179.984;0.609;2020
0.401;0.731;205090;0.573;1;0.113;-10.059;0;91;109.928;0.145;2020
0.418;0.546;215627;0.613;0;0.103;-7.589;0;82;79.015;0.535;2020
0.428;0.457;210123;0.774;0;0.119;-5.201;1;78;203.863;0.59;2020
0.0103;0.781;169333;0.67;0;0.0761;-3.912;0;89;127.99;0.595;2020
0.00162;0.628;185773;0.639;0;0.354;-5.46;1;85;108.045;0.493;2020
0.735;0.575;229840;0.434;0;0.105;-8.193;1;81;145.916;0.348;2020
0.0706;0.676;237735;0.609;1;0.152;-5.831;0;85;142.037;0.508;2020
0.601;0.621;216573;0.882;0;0.132;-5.01;1;78;126.014;0.574;2020
0.0221;0.49;201600;0.618;1;0.259;-5.655;1;84;99.7;0.286;2020
0.114;0.945;168906;0.582;1;0.103;-8.357;0;81;108.025;0.907;2020
0.114;0.825;197760;0.458;1;0.102;-7.47;1;81;145.115;0.161;2020
0.0978;0.724;199758;0.675;1;0.351;-5.267;1;82;160.048;0.325;2020
0.0317;0.883;232065;0.808;1;0.207;-3.158;0;80;119.012;0.805;2020
0.0439;0.877;172185;0.677;1;0.0986;-4.969;0;80;144.941;0.627;2020
0.382;0.546;239667;0.453;0;0.106;-13.04;1;82;104.532;0.74;2020
0.0689;0.632;167903;0.595;0;0.209;-7.644;0;90;124.114;0.435;2020
0.0442;0.762;151705;0.426;1;0.0858;-6.865;1;83;167.827;0.582;2020
0.233;0.716;165978;0.537;1;0.157;-7.648;0;84;129.979;0.28;2020
0.878;0.316;245440;0.361;1;0.0797;-10.381;1;81;74.952;0.221;2020
0.0951;0.466;210773;0.536;0;0.114;-6.227;1;80;75.998;0.377;2020
0.143;0.782;143375;0.51;1;0.115;-5.724;0;83;99.993;0.118;2020
0.0332;0.789;190306;0.711;0;0.0876;-4.248;1;89;112.985;0.753;2020
0.0462;0.584;199907;0.889;0;0.309;-5.941;0;76;126.04;0.464;2011
0.00454;0.622;219720;0.469;0;0.0335;-6.798;0;76;77.019;0.679;2012
0.934;0.447;315427;0.449;0;0.0697;-10.634;1;76;92.468;0.036;2013
0.385;0.659;252227;0.381;0;0.0972;-5.922;0;77;119.844;0.426;2014
0.211;0.491;258267;0.693;0;0.325;-6.487;0;78;90.027;0.412;2015
0.0598;0.647;230333;0.823;0;0.119;-5.231;1;76;99.933;0.396;2015
0.0343;0.776;211786;0.875;0;0.314;-5.535;1;76;111.988;0.849;2015
0.31;0.579;230613;0.736;0;0.198;-3.863;0;79;127.999;0.613;2015
0.247;0.262;252534;0.606;0;0.125;-6.646;1;78;189.857;0.275;2015
0.0242;0.773;246240;0.747;0;0.109;-4.061;1;78;126.014;0.801;2016
0.109;0.501;195707;0.519;0;0.454;-5.88;0;78;133.99;0.168;2016
0.571;0.765;129600;0.327;1;0.0787;-8.029;1;78;74.931;0.292;2016
0.0752;0.725;219320;0.534;1;0.0919;-6.238;1;76;91.974;0.558;2016
0.494;0.666;205280;0.423;0;0.106;-8.012;1;76;129.89;0.154;2016
0.0362;0.672;201240;0.655;0;0.117;-5.021;0;80;134.945;0.556;2017
0.106;0.444;187973;0.819;0;0.107;-4.078;0;82;82.695;0.747;2017
0.0156;0.635;156773;0.87;0;0.118;-4.291;0;76;93;0.912;2017
0.38;0.866;199440;0.813;0;0.0779;-4.063;0;81;121.998;0.969;2017
0.712;0.677;232852;0.401;0;0.116;-8.467;1;77;111.825;0.195;2017
0.804;0.671;211960;0.156;0;0.113;-16.288;1;76;94.08;0.201;2017
0.216;0.75;232253;0.404;0;0.0911;-10.178;0;76;95.045;0.0499;2017
0.00786;0.498;235000;0.598;0;0.111;-6.638;0;80;140.078;0.0573;2017
0.125;0.555;208733;0.662;0;0.111;-4.952;0;79;148.128;0.356;2017
0.259;0.829;80927;0.886;0;0.0559;-1.746;1;76;115.056;0.777;2017
0.48;0.753;120547;0.355;0;0.122;-13.295;0;76;111.863;0.506;2017
0.124;0.724;197993;0.804;0;0.204;-4.614;0;80;124.987;0.306;2017
0.0716;0.684;217440;0.619;0;0.122;-7.005;1;76;125.046;0.284;2017
0.101;0.258;239000;0.437;0;0.106;-6.593;0;81;180.043;0.0967;2017
0.00261;0.762;209320;0.7;0;0.153;-6.021;0;80;116.073;0.608;2017
0.0498;0.602;159987;0.762;1;0.121;-6.149;0;76;92.02;0.112;2017
0.0403;0.836;217947;0.544;1;0.0824;-5.975;1;79;97.028;0.51;2017
0.0534;0.589;268867;0.731;1;0.308;-6.343;1;77;87.908;0.191;2017
0.15;0.703;193613;0.868;1;0.104;-4.661;0;76;121.03;0.733;2017
0.913;0.513;220541;0.25;0;0.117;-9.376;0;77;74.103;0.351;2017
0.253;0.69;210091;0.622;0;0.116;-5.025;0;76;102.04;0.544;2017
0.00583;0.284;234707;0.704;0;0.0424;-7.276;1;77;191.702;0.1;2017
0.914;0.589;221107;0.242;0;0.0887;-10.517;1;77;89.749;0.257;2017
0.0323;0.731;220454;0.794;1;0.112;-5.126;0;76;139.994;0.356;2017
0.423;0.277;207787;0.394;0;0.0952;-8.903;1;76;86.777;0.227;2017
0.836;0.773;169973;0.437;1;0.544;-8.281;1;78;103.861;0.707;2018
0.036;0.926;224002;0.454;1;0.0896;-9.932;1;77;119.969;0.34;2018
0.181;0.721;158206;0.707;1;0.143;-6.364;1;76;125.005;0.743;2018
0.388;0.723;218893;0.504;0;0.087;-5.572;1;77;133.975;0.551;2018
0.555;0.56;173800;0.68;0;0.116;-7.648;0;78;89.391;0.319;2018
0.0161;0.71;131064;0.789;1;0.451;-3.874;1;77;142.929;0.717;2018
0.168;0.612;223543;0.601;1;0.117;-7.089;1;76;147.018;0.525;2018
0.0626;0.672;169248;0.594;1;0.152;-6.813;0;81;171.854;0.158;2018
0.00655;0.603;206180;0.964;0;0.143;-2.886;0;77;135.028;0.796;2018
0.283;0.785;150043;0.554;1;0.116;-6.571;1;76;128.047;0.144;2018
0.223;0.815;177667;0.518;0;0.104;-6.594;0;78;151.891;0.877;2018
0.0217;0.54;204991;0.381;0;0.305;-14.323;1;78;155.882;0.343;2018
0.184;0.765;217307;0.523;0;0.132;-4.333;1;81;104.988;0.394;2018
0.0609;0.854;205040;0.569;1;0.1;-8.151;0;80;80.015;0.294;2018
0.894;0.522;187932;0.128;0;0.0941;-18.717;1;82;109.986;0.124;2018
0.217;0.704;189467;0.611;0;0.0812;-6.112;1;80;100;0.22;2018
0.394;0;160003;0.00148;0;0.111;-31.839;1;77;0;0;2018
0.867;0.793;89652;0.441;1;0.111;-10.297;0;76;74.746;0.753;2018
0.0141;0.817;210368;0.539;0;0.099;-6.349;0;78;97.062;0.158;2018
0.0372;0.697;186987;0.683;0;0.137;-2.881;0;82;96.133;0.603;2018
0.0236;0.884;232959;0.559;1;0.101;-7.442;1;77;97.994;0.342;2018
0.0589;0.835;217925;0.626;1;0.396;-5.833;1;78;91.03;0.35;2018
0.1;0.414;186268;0.416;0;0.131;-8.024;0;76;159.91;0.196;2018
0.802;0.737;190348;0.408;1;0.171;-7.941;1;77;127.921;0.374;2018
0.0558;0.575;197947;0.571;0;0.0912;-7.906;1;76;105.049;0.449;2018
0.0385;0.533;207587;0.638;1;0.0758;-9.411;1;76;135.056;0.324;2018
0.542;0.903;417920;0.675;1;0.0595;-3.445;0;77;96.507;0.442;2018
0.109;0.775;208787;0.613;0;0.134;-4.586;0;80;100.066;0.797;2018
0.325;0.828;216015;0.689;0;0.0808;-7.878;1;77;123.931;0.853;2018
0.037;0.791;214847;0.862;0;0.0814;-3.24;0;81;123.994;0.592;2018
0.669;0.704;301893;0.487;0;0.111;-6.407;0;77;121.726;0.313;2018
0.423;0.665;190932;0.699;1;0.0969;-5.265;1;76;124.896;0.585;2018
0.841;0.713;218883;0.452;0;0.105;-9.638;1;77;102.963;0.235;2018
0.205;0.626;202621;0.88;1;0.128;-2.384;0;81;95.079;0.534;2018
0.242;0.74;180161;0.415;1;0.319;-8.914;1;80;136.029;0.156;2019
0.0588;0.542;196760;0.674;1;0.0955;-4.169;1;77;76.388;0.667;2019
0.00929;0.771;171360;0.671;0;0.0637;-5.617;1;79;85.026;0.714;2019
0.426;0.623;208518;0.608;1;0.105;-5.937;0;77;84.98;0.263;2019
0.0154;0.693;228267;0.678;0;0.101;-7.159;1;81;103.952;0.404;2019
0.617;0.676;210000;0.525;0;0.356;-5.88;1;80;112.011;0.421;2019
0.484;0.748;123560;0.648;1;0.126;-6.445;0;77;139.952;0.726;2019
0.0828;0.844;169038;0.644;1;0.113;-6.273;0;77;122.061;0.591;2019
0.018;0.724;170746;0.491;0;0.0887;-6.024;1;81;105.046;0.383;2019
0.135;0.594;181145;0.676;1;0.163;-5.808;1;80;143.477;0.472;2019
0.462;0.678;180953;0.533;0;0.139;-10.485;1;79;150.455;0.323;2019
0.0533;0.878;157067;0.619;0;0.113;-5.56;1;82;136.041;0.639;2019
0.00829;0.744;156719;0.638;1;0.182;-4.86;0;76;98.019;0.48;2019
0.0421;0.726;190440;0.554;1;0.106;-5.29;0;80;169.999;0.335;2019
0.00821;0.461;220537;0.897;1;0.0965;-3.982;0;76;165.107;0.358;2019
0.177;0.88;157606;0.751;0;0.106;-4.258;0;86;117.948;0.884;2019
0.305;0.863;223480;0.631;1;0.123;-4.689;1;82;128.977;0.817;2019
0.379;0.812;165714;0.519;1;0.13;-4.823;1;80;104.954;0.554;2019
0.0392;0.575;172213;0.621;0;0.141;-8.165;0;80;101.987;0.27;2019
0.0667;0.659;181824;0.623;0;0.582;-2.253;1;76;88.042;0.439;2019
0.849;0.323;194848;0.405;0;0.138;-8.533;0;77;145.104;0.274;2019
0.935;0.319;242652;0.0561;0;0.388;-23.023;1;77;79.764;0.082;2019
0.39;0.853;221543;0.351;0;0.752;-10.198;1;79;118.028;0.282;2019
0.615;0.53;259187;0.512;0;0.129;-9.261;1;78;95.946;0.411;2019
0.45;0.741;171030;0.52;0;0.222;-7.513;1;81;102.998;0.347;2019
0.698;0.56;197933;0.674;0;0.123;-6.048;1;76;119.942;0.421;2019
0.0128;0.606;232907;0.799;0;0.15;-4.452;1;80;103.014;0.638;2019
0.172;0.306;377960;0.347;0;0.0485;-8.5;1;78;120.996;0.0511;2019
0.0875;0.641;196188;0.537;0;0.115;-5.452;0;79;112.864;0.0681;2019
0.492;0.359;221307;0.543;0;0.118;-7.582;1;78;68.534;0.453;2019
0.818;0.45;183624;0.329;0;0.135;-12.603;0;82;71.884;0.266;2019
0.0242;0.642;150160;0.538;0;0.273;-7.206;1;79;143.921;0.57;2019
0.000532;0.535;362653;0.521;0;0.19;-5.942;1;79;140.026;0.457;2019
0.74;0.905;193143;0.389;0;0.106;-14.505;1;79;120.046;0.196;2019
0.603;0.726;143227;0.408;1;0.225;-6.606;0;76;115.918;0.459;2019
0.181;0.843;160627;0.391;1;0.137;-7.899;1;80;129.972;0.496;2019
0.801;0.51;220240;0.619;1;0.0811;-7.918;1;76;97.018;0.321;2019
0.119;0.4;186107;0.795;1;0.159;-3.731;0;79;190.097;0.702;2019
0.0363;0.886;192024;0.672;1;0.101;-4.394;1;79;91.976;0.526;2019
0.0119;0.684;171253;0.671;1;0.0769;-6.424;0;76;179.987;0.45;2019
0.0767;0.777;190360;0.658;0;0.0901;-5.191;1;77;110.048;0.633;2019
0.204;0.585;217640;0.696;0;0.344;-5.6;0;78;104.01;0.522;2019
0.171;0.664;187040;0.724;1;0.13;-5.457;1;77;144.052;0.697;2019
0.286;0.561;197299;0.597;0;0.0979;-6;0;76;76.826;0.355;2019
0.037;0.759;190960;0.54;0;0.0945;-6.039;0;84;116.947;0.75;2019
0.331;0.405;156267;0.646;0;0.103;-3.206;0;77;130.218;0.17;2019
0.761;0.629;197732;0.327;0;0.103;-8.285;1;79;74.953;0.381;2019
0.0183;0.725;200880;0.571;0;0.0519;-6.007;1;77;146.035;0.61;2019
0.283;0.726;168840;0.444;0;0.177;-8.922;0;79;185.044;0.569;2019
0.129;0.598;168387;0.526;0;0.14;-8.659;0;84;123.935;0.529;2019
0.124;0.64;197867;0.648;0;0.0802;-8.113;0;81;92.977;0.548;2019
0.332;0.535;221554;0.714;0;0.0806;-5.753;0;76;100.059;0.458;2019
0.0923;0.645;229773;0.862;0;0.192;-4.757;0;82;119.991;0.798;2019
0.901;0.663;121375;0.408;1;0.16;-10.861;1;76;90.191;0.227;2019
0.033;0.61;193000;0.83;0;0.118;-4.105;1;79;182.162;0.728;2019
0.632;0.719;117013;0.538;1;0.135;-6.897;0;76;204.132;0.803;2019
0.0912;0.798;219947;0.675;0;0.0894;-5.041;1;82;101.956;0.842;2019
0.524;0.692;190800;0.809;0;0.147;-4.198;1;79;123.911;0.864;2019
0.00611;0.767;195145;0.889;1;0.402;-2.988;1;77;119.93;0.843;2019
0.0538;0.752;163902;0.673;1;0.133;-5.792;0;80;164.009;0.35;2020
0.629;0.735;220488;0.449;1;0.113;-7.507;1;83;122.947;0.0397;2020
0.325;0.767;163208;0.659;1;0.13;-7.429;1;90;124.946;0.439;2020
0.217;0.921;176383;0.718;1;0.189;-3.545;0;79;141.06;0.677;2020
0.49;0.58;186293;0.751;0;0.277;-5.078;1;77;148.108;0.718;2020
0.168;0.734;166028;0.874;0;0.0489;-3.158;1;91;122.953;0.905;2020
0.634;0.721;171827;0.277;0;0.112;-7.128;1;78;131.935;0.309;2020
0.855;0.515;260440;0.545;1;0.0921;-9.277;1;80;88.856;0.535;2020
0.0693;0.721;144860;0.632;1;0.291;-6.695;0;81;92.057;0.296;2020
0.87;0.559;315147;0.334;1;0.114;-10.733;1;80;122.079;0.211;2020
0.223;0.597;228482;0.45;0;0.382;-6.658;1;87;178.765;0.537;2020
0.605;0.703;183783;0.703;1;0.12;-4.672;1;81;76.017;0.697;2020
0.414;0.798;164000;0.62;0;0.112;-7.079;0;92;120.031;0.235;2020
0.176;0.747;181661;0.622;1;0.151;-5.825;1;80;159.93;0.57;2020
0.234;0.767;171375;0.481;1;0.269;-8.52;0;88;150.076;0.761;2020
0.575;0.621;239120;0.754;1;0.213;-5.904;0;77;127.036;0.441;2020
0.537;0.613;239560;0.581;0;0.25;-8.588;0;82;130.033;0.551;2020
0.00815;0.688;164580;0.647;1;0.095;-7.258;1;81;88.834;0.195;2020
0.275;0.765;169227;0.556;1;0.0824;-6.417;1;77;111.033;0.274;2020
0.00536;0.571;232253;0.693;0;0.173;-8.234;0;89;168.169;0.393;2020
0.0383;0.779;153147;0.642;1;0.2;-6.321;0;80;82.363;0.388;2020
0.585;0.679;227186;0.61;0;0.156;-10.936;0;83;123.978;0.554;2020
0.474;0.655;225857;0.441;1;0.099;-5.245;0;80;139.957;0.273;2020
0.0743;0.695;218902;0.343;1;0.107;-10.798;1;84;85.84;0.229;2020
0.671;0.98;180139;0.413;1;0.17;-11.052;0;84;119.993;0.764;2020
0.00776;0.63;172762;0.633;0;0.0541;-7.088;1;85;93.995;0.452;2020
0.758;0.711;141224;0.592;1;0.156;-7.136;0;86;124.749;0.535;2020
0.055;0.771;224955;0.654;1;0.214;-6.976;0;79;155.047;0.573;2020
0.207;0.774;162547;0.554;1;0.132;-7.909;1;83;99.034;0.349;2020
0.0511;0.551;205733;0.756;0;0.0765;-4.948;1;82;175.984;0.618;2020
0.224;0.694;196180;0.685;1;0.124;-6.535;0;81;158.831;0.306;2020
0.13;0.792;168490;0.512;1;0.14;-6.875;1;80;113.978;0.11;2020
0.66;0.546;215920;0.73;0;0.0972;-7.704;1;79;157.895;0.573;2020
0.0034;0.74;123447;0.566;1;0.589;-8.389;0;78;156.197;0.342;2020
0.778;0.298;285634;0.38;0;0.11;-8.426;1;81;75.602;0.152;2020
0.162;0.39;216560;0.724;1;0.393;-7.607;0;78;165.945;0.312;2020
0.114;0.945;168906;0.582;1;0.103;-8.357;0;80;108.025;0.907;2020
0.00576;0.954;139413;0.696;1;0.0754;-7.117;0;80;100.036;0.432;2020
0.524;0.652;154424;0.631;0;0.165;-5.718;0;82;127.998;0.35;2020
0.819;0.537;275320;0.537;0;0.142;-11.266;1;79;107.895;0.292;2020
0.749;0.728;147800;0.431;0;0.0996;-9.966;0;82;130.022;0.629;2020
0.0206;0.965;222523;0.485;1;0.0655;-8.784;1;87;124.025;0.312;2020
0.232;0.719;126521;0.598;0;0.115;-6.254;1;83;142.592;0.303;2020
0.294;0.643;188893;0.79;0;0.107;-6.079;1;76;95.987;0.8;2020
0.0301;0.772;135747;0.878;1;0.251;-4.22;1;82;61.311;0.305;2020
0.000417;0.654;171621;0.875;1;0.194;-4.845;1;80;99.975;0.522;2020
0.44;0.761;238805;0.525;0;0.0921;-6.9;1;81;80.87;0.531;2020
0.297;0.774;201587;0.376;1;0.165;-9.372;1;83;122.089;0.391;2020
0.147;0.874;235988;0.443;1;0.124;-9.628;0;77;118.004;0.298;2020
0.337;0.63;202193;0.446;1;0.166;-8.9;1;79;143.078;0.177;2020
0.937;0.39;304107;0.27;0;0.111;-10.673;1;79;125.177;0.32;2020
0.696;0.605;225880;0.488;0;0.129;-8.322;1;79;119.966;0.354;2020
0.439;0.745;168685;0.5;1;0.0943;-6.184;1;79;76.968;0.433;2020
0.183;0.868;154767;0.55;1;0.109;-6.417;1;78;117.943;0.464;2020
0.0681;0.789;167990;0.742;1;0.166;-5.664;0;81;116.965;0.661;2020
0.884;0.629;184638;0.306;0;0.124;-11.735;1;82;76.994;0.191;2020
0.768;0.604;275040;0.517;1;0.123;-9.014;1;79;127.967;0.511;2020
0.0112;0.746;199054;0.765;0;0.0936;-4.41;0;87;114.044;0.737;2020
0.0277;0.92;165726;0.833;1;0.0596;-3.18;1;77;141.034;0.645;2020
0.00021;0.533;205159;0.858;1;0.148;-4.212;1;79;160.057;0.506;2020
0.757;0.777;210252;0.357;1;0.108;-6.942;1;79;139.883;0.172;2020
0.869;0.584;217769;0.411;1;0.0955;-7.147;0;85;169.934;0.412;2020
0.165;0.885;164591;0.661;1;0.334;-5.062;0;78;140.028;0.436;2020
0.151;0.759;184490;0.538;1;0.126;-8.256;0;76;146.933;0.831;2020
0.452;0.638;240413;0.538;0;0.0695;-8.445;1;76;89.124;0.318;2020
0.016;0.822;242001;0.743;1;0.127;-4.772;0;79;84.459;0.636;2020
0.0123;0.852;184619;0.674;1;0.126;-4.166;1;77;130.085;0.584;2020
0.00671;0.835;202795;0.699;1;0.195;-5.405;0;81;154.981;0.547;2020
0.32;0.529;194165;0.45;1;0.147;-13.291;0;79;72.704;0.302;2020
0.0337;0.793;247308;0.771;0;0.284;-3.417;1;90;171.943;0.835;2020
0.168;0.865;189496;0.792;1;0.107;-4.207;1;77;101.985;0.562;2020
0.00824;0.821;154324;0.863;1;0.0377;-3.159;1;78;180.013;0.874;2020
0.0981;0.672;196453;0.642;0;0.1;-4.035;1;82;121.981;0.494;2020
0.258;0.785;193234;0.903;1;0.169;-4.184;1;77;139.98;0.565;2020
0.114;0.883;156430;0.6;1;0.0931;-7.188;1;85;113.903;0.691;2020
0.0166;0.82;64654;0.302;1;0.111;-6.564;1;76;78.099;0.216;2020
0.876;0.535;257773;0.561;0;0.115;-11.609;1;78;96.103;0.287;2020
0.795;0.444;208155;0.309;0;0.352;-10.956;1;81;104.745;0.0875;2020
0.0103;0.607;295177;0.829;1;0.107;-4.074;1;84;96.172;0.685;2020
0.0358;0.886;139760;0.743;1;0.0511;-6.797;0;78;131.902;0.941;2020
0.268;0.837;169532;0.482;1;0.0991;-8.608;0;76;143.01;0.444;2020
0.00584;0.621;136408;0.695;1;0.086;-5.124;1;77;173.966;0.298;2020
0.44;0.761;238805;0.525;0;0.0921;-6.9;1;80;80.87;0.531;2020
0.317;0.575;226220;0.609;1;0.105;-4.88;0;79;83.004;0.339;2020
0.0582;0.831;202413;0.62;1;0.119;-8.397;0;76;133.17;0.568;2020
0.08;0.719;149900;0.607;1;0.125;-5.156;1;79;128.006;0.464;2020
0.248;0.835;224656;0.869;1;0.462;-4.582;0;81;140.945;0.82;2020
0.556;0.488;206459;0.343;0;0.21;-8.985;1;83;102.819;0.0978;2020
0.12;0.94;228796;0.532;1;0.0925;-5.998;0;76;123.043;0.599;2020
0.76;0.64;260776;0.355;0;0.114;-7.757;0;78;119.513;0.437;2020
0.272;0.913;136224;0.391;1;0.0666;-11.158;0;81;141.05;0.713;2020
0.021;0.672;182200;0.855;0;0.323;-3.764;1;84;123.056;0.646;2020
0.777;0.813;170345;0.415;0;0.131;-5.926;1;86;91.921;0.667;2020
0.554;0.617;212867;0.525;1;0.135;-10.426;0;76;135.781;0.377;2020
0.00599;0.642;124094;0.69;1;0.322;-5.101;1;77;164.075;0.641;2020
0.18;0.736;216107;0.632;0;0.349;-4.939;0;91;92.03;0.503;2020
0.0389;0.738;212640;0.868;0;0.388;-4.373;0;76;122.003;0.336;2015
0.215;0.529;249810;0.614;0;0.277;-5.032;1;76;92.972;0.141;2015
0.0185;0.636;219043;0.815;0;0.163;-5.098;0;77;123.063;0.636;2015
0.0927;0.792;195547;0.717;0;0.226;-4.759;0;76;121.985;0.466;2016
0.406;0.72;251088;0.763;0;0.18;-4.068;0;76;101.965;0.742;2016
0.393;0.704;271640;0.634;0;0.0952;-7.374;0;76;113.927;0.411;2016
0.0323;0.62;228980;0.864;0;0.117;-4.334;0;76;98.059;0.395;2017
0.0347;0.655;205766;0.487;0;0.271;-7.988;1;76;139.914;0.0454;2017
0.0232;0.461;261154;0.834;0;0.14;-4.868;1;77;135.007;0.471;2017
0.0586;0.731;247160;0.445;0;0.14;-8.418;1;78;117.97;0.106;2017
0.22;0.44;341413;0.983;0;0.26;-4.36;1;76;159.968;0.203;2017
0.0735;0.624;170827;0.876;0;0.327;-3.374;1;78;99.943;0.781;2017
0.148;0.671;237720;0.673;0;0.304;-6.941;0;78;121.963;0.494;2017
0.0275;0.646;203000;0.741;0;0.312;-4.973;0;79;123.077;0.571;2017
0.207;0.759;198332;0.639;0;0.23;-8.085;0;76;128.01;0.682;2017
0.162;0.578;201539;0.537;0;0.076;-8.676;1;78;83.909;0.25;2018
0.0735;0.609;324467;0.674;0;0.345;-7.388;0;77;90.009;0.315;2018
0.0965;0.458;197411;0.561;0;0.156;-4.819;1;76;149.875;0.206;2018
0.00281;0.63;195519;0.694;0;0.0719;-6.257;0;77;97.005;0.216;2018
0.0215;0.547;205267;0.814;0;0.0475;-6.191;1;78;92.986;0.724;2018
0.751;0.501;182161;0.405;0;0.105;-5.679;1;80;109.891;0.446;2018
0.699;0.484;141395;0.749;0;0.105;-4.176;1;76;160.006;0.468;2018
0.154;0.699;148230;0.668;1;0.362;-4.272;0;76;144.105;0.314;2018
0.286;0.672;201287;0.735;0;0.242;-4.733;1;78;115.741;0.754;2018
0.0722;0.383;260773;0.637;0;0.368;-6.993;1;81;177.913;0.0827;2018
0.346;0.638;180000;0.717;0;0.105;-4.722;1;76;100.027;0.249;2018
0.0323;0.671;209355;0.859;0;0.267;-3.922;0;76;139.931;0.389;2018
0.177;0.559;181360;0.473;0;0.108;-4.147;1;76;69.973;0.341;2018
0.0573;0.622;211360;0.712;0;0.13;-7.321;1;77;140.025;0.487;2018
0.197;0.514;233128;0.646;1;0.0958;-8.833;1;76;88.661;0.297;2018
0.157;0.842;212500;0.801;1;0.0642;-4.167;0;78;95.881;0.617;2018
0.394;0.637;228615;0.799;0;0.0921;-4.519;1;78;104.995;0.562;2018
0.199;0.746;179133;0.717;1;0.132;-4.841;0;77;150.964;0.523;2019
0.06;0.598;228027;0.68;0;0.324;-4.505;1;76;134.002;0.437;2019
0.000564;0.566;221827;0.846;0;0.121;-6.904;0;76;160.02;0.86;2019
0.00103;0.665;157220;0.712;0;0.102;-7.536;1;76;93.989;0.669;2019
0.751;0.521;243725;0.125;0;0.265;-17.832;1;76;111.554;0.0528;2019
0.0516;0.749;204887;0.461;0;0.0738;-2.961;0;78;139.02;0.42;2019
0.153;0.477;202205;0.682;0;0.0763;-4.931;0;80;110.567;0.345;2019
0.0132;0.618;171880;0.823;1;0.288;-4.76;1;78;82.004;0.58;2019
0.35;0.939;179889;0.305;0;0.105;-10.952;0;76;100.029;0.563;2019
0.0623;0.791;156347;0.565;0;0.156;-3.933;0;77;99.961;0.181;2019
0.678;0.613;108696;0.339;0;0.166;-14.908;0;77;106.582;0.292;2019
0.126;0.528;209880;0.511;0;0.101;-8.144;1;78;100.1;0.351;2019
0.148;0.857;204467;0.621;0;0.0865;-6.376;0;79;97.989;0.668;2019
0.122;0.548;174000;0.816;0;0.335;-4.209;1;79;95.39;0.557;2019
0.194;0.77;223523;0.882;0;0.316;-4.792;1;77;99.991;0.385;2019
0.298;0.668;159011;0.892;0;0.735;-3.001;0;76;95.927;0.478;2019
0.0392;0.759;190800;0.548;0;0.0828;-6.049;0;81;116.967;0.749;2019
0.705;0.551;196493;0.537;1;0.0802;-7.595;1;77;126.421;0.493;2019
0.32;0.738;189052;0.861;0;0.325;-4.141;1;78;131.974;0.58;2019
0.183;0.518;240013;0.729;0;0.0643;-7.193;0;77;156.879;0.343;2019
0.8;0.39;183103;0.448;0;0.107;-8.57;0;79;144.89;0.077;2019
0.0334;0.721;221714;0.716;1;0.237;-7.037;0;81;104.994;0.667;2019
0.017;0.734;270741;0.836;0;0.179;-4.803;0;78;80.002;0.623;2019
0.144;0.929;132024;0.7;1;0.349;-5.595;0;77;120.009;0.802;2020
0.853;0.794;342040;0.32;0;0.112;-12.92;0;77;174.088;0.241;2020
0.021;0.86;172127;0.758;0;0.344;-5.16;1;83;97.014;0.453;2020
0.0947;0.688;191526;0.881;0;0.0804;-4.889;0;83;123.013;0.677;2020
0.402;0.9;170972;0.603;0;0.134;-5.313;1;82;129.928;0.824;2020
0.774;0.583;110129;0.344;1;0.143;-8.765;1;76;65.203;0.581;2020
0.00728;0.686;172005;0.703;1;0.0946;-6.141;0;79;144.902;0.457;2020
0.0236;0.775;234627;0.72;1;0.114;-5.353;0;78;155.086;0.49;2020
0.153;0.848;195649;0.457;1;0.115;-10.118;1;78;100.018;0.227;2020
0.00786;0.637;162399;0.69;0;0.124;-4.057;0;85;129.857;0.457;2020
0.556;0.646;199787;0.758;1;0.335;-7.75;0;76;172.995;0.0642;2020
0.146;0.868;182857;0.638;1;0.0931;-7.746;1;77;126.03;0.459;2020
0.268;0.867;173288;0.744;1;0.0713;-5.171;1;77;84.005;0.645;2020
0.00839;0.852;180645;0.698;0;0.0773;-7.206;1;82;113.039;0.324;2020
0.0016;0.943;218333;0.641;1;0.211;-5.598;1;76;99.099;0.242;2020
0.00883;0.702;203064;0.825;0;0.0674;-3.787;0;85;102.977;0.915;2020
0.00115;0.705;223279;0.814;0;0.203;-5.466;0;85;110;0.259;2020
0.146;0.692;142000;0.774;1;0.155;-4.385;0;81;98.066;0.533;2020
0.127;0.707;134240;0.955;0;0.202;-4.593;0;83;125.989;0.575;2020
0.835;0.689;180653;0.704;0;0.134;-10.813;1;77;151.884;0.92;2020
0.17;0.654;186749;0.452;1;0.114;-6.36;1;77;138.034;0.532;2020
0.321;0.834;247059;0.454;1;0.114;-9.75;0;83;81.618;0.837;2020
0.00103;0.792;92856;0.829;1;0.582;-6.612;1;78;93.044;0.17;2020
0.349;0.825;190331;0.733;1;0.112;-5.625;0;76;97.974;0.62;2020
0.0805;0.581;206046;0.584;0;0.366;-4.928;1;76;179.954;0.756;2020
0.291;0.66;180129;0.76;1;0.632;-5.726;1;77;127.984;0.394;2020
0.166;0.601;174720;0.649;1;0.165;-6.979;1;78;89.73;0.351;2020
0.143;0.591;205473;0.585;1;0.109;-6.35;1;80;110.94;0.324;2020
0.128;0.616;177273;0.617;1;0.177;-8.431;1;77;175.929;0.476;2020
0.0493;0.369;174068;0.845;1;0.416;-3.449;0;77;78.532;0.782;2020
0.3;0.806;212867;0.546;0;0.102;-6.637;1;82;147.986;0.874;2020
0.81;0.847;120000;0.448;1;0.325;-10.14;1;77;79.975;0.488;2020
0.151;0.721;192745;0.745;1;0.372;-3.508;0;84;90.988;0.699;2020
0.0946;0.807;227520;0.606;1;0.119;-8.871;0;83;92.988;0.304;2020
0.42;0.547;254950;0.605;0;0.125;-6.755;1;83;121.953;0.364;2020
0.0375;0.812;180947;0.8;0;0.0638;-4.282;1;83;130.036;0.357;2020
0.538;0.661;147548;0.665;1;0.0981;-6.356;0;76;75.059;0.486;2020
0.627;0.375;223270;0.461;0;0.386;-6.202;1;80;75.217;0.233;2020
0.0406;0.621;237800;0.873;0;0.0824;-3.067;0;79;97.96;0.873;2020
0.149;0.776;204000;0.64;1;0.101;-8.058;1;76;160.038;0.326;2020
0.0814;0.772;200733;0.506;1;0.182;-6.558;0;77;127.894;0.456;2020
0.835;0.392;214707;0.579;0;0.145;-9.195;1;81;80.961;0.549;2020
0.00255;0.72;91171;0.74;1;0.303;-3.815;1;79;157.953;0.172;2020
0.0103;0.781;169333;0.67;0;0.0761;-3.912;0;84;127.99;0.595;2020
0.168;0.567;176650;0.545;1;0.112;-6.668;0;76;174.146;0.234;2020
0.165;0.89;114865;0.53;1;0.106;-9.891;1;78;127.889;0.644;2020
0.012;0.425;189125;0.743;1;0.709;-5.54;0;77;84.748;0.344;2020
0.0739;0.677;192358;0.685;1;0.107;-5.643;0;80;91.008;0.177;2020
0.473;0.644;161765;0.587;1;0.0759;-6.736;0;76;173.972;0.68;2020
0.00225;0.891;170267;0.552;1;0.162;-6.877;1;76;135.976;0.455;2020
0.0563;0.83;200673;0.583;1;0.109;-2.052;1;78;134;0.146;2020
0.0703;0.552;208457;0.599;0;0.0986;-5.75;0;78;161.884;0.0916;2020
0.247;0.697;203893;0.535;0;0.569;-6.504;1;78;82.959;0.594;2020
0.317;0.811;212869;0.553;0;0.105;-6.644;1;80;148.014;0.86;2020
0.109;0.6;195268;0.723;1;0.167;-4.928;0;76;149.881;0.463;2020
0.293;0.798;132227;0.528;1;0.0727;-8.908;1;77;149.995;0.728;2020
0.0252;0.843;155497;0.741;1;0.096;-5.609;1;79;168.983;0.68;2020
0.512;0.718;189653;0.712;0;0.104;-4.366;1;88;180.034;0.531;2020
0.424;0.738;136839;0.621;0;0.692;-7.313;1;83;113.968;0.715;2020
0.606;0.713;187587;0.47;1;0.306;-8.698;1;76;84.518;0.0825;2020
0.331;0.797;135878;0.755;0;0.124;-5.393;1;79;129.955;0.411;2020
0.038;0.389;183567;0.768;1;0.119;-4.765;1;78;90.146;0.334;2020
0.519;0.411;239949;0.522;0;0.398;-7.295;1;77;88.332;0.382;2020
0.0464;0.86;162151;0.725;1;0.0994;-6.7;1;81;145.001;0.375;2020
0.167;0.73;221820;0.729;0;0.349;-3.434;0;85;113.013;0.467;2020
0.0123;0.793;183290;0.793;0;0.0951;-4.521;0;85;123.95;0.679;2020
0.218;0.457;224638;0.621;1;0.0944;-5.923;1;78;85.359;0.634;2020
0.0326;0.744;206420;0.868;1;0.0822;-4.524;1;82;93.037;0.586;2020
0.114;0.761;174730;0.517;1;0.157;-6.916;1;76;147.912;0.46;2020
0.36;0.474;201882;0.533;0;0.101;-5.648;0;78;131.762;0.165;2020
0.0861;0.685;163084;0.848;1;0.0783;-4.561;0;81;179.87;0.761;2020
0.538;0.532;261923;0.623;0;0.0925;-9.208;1;77;89.937;0.403;2020
0.323;0.817;129241;0.635;0;0.0738;-7.246;1;79;138.015;0.454;2020
0.000335;0.58;213672;0.908;0;0.087;-5.303;1;79;115.016;0.427;2020
0.145;0.79;181436;0.694;0;0.281;-7.726;0;80;103.007;0.508;2020
0.0861;0.596;127921;0.575;1;0.334;-8.325;0;76;98.265;0.34;2020
0.139;0.714;230693;0.761;0;0.241;-4.596;0;89;168.022;0.906;2020
0.32;0.67;231429;0.399;0;0.38;-9.137;1;78;125.981;0.211;2020
0.335;0.681;226821;0.664;1;0.0418;-8.019;0;77;102.166;0.861;2020
0.0599;0.706;126444;0.76;1;0.202;-4.702;1;77;95.499;0.564;2020
0.695;0.445;244360;0.537;1;0.0944;-8.532;0;78;122.764;0.131;2013
0.614;0.532;181467;0.178;1;0.0985;-9.754;0;76;149.879;0.103;2017
0.0895;0.584;220883;0.54;0;0.261;-7.786;0;79;137.972;0.195;2017
0.075;0.696;216409;0.817;1;0.187;-3.862;1;76;98.064;0.782;2017
0.393;0.602;200187;0.707;0;0.165;-4.097;1;76;75.09;0.554;2017
0.133;0.694;201122;0.712;0;0.211;-3.923;0;76;98.022;0.799;2017
0.159;0.6;156600;0.688;0;0.409;-8.339;0;76;99.977;0.0793;2017
0.0183;0.566;191100;0.769;0;0.108;-4.342;1;76;170.036;0.385;2018
0.00713;0.509;230613;0.448;0;0.244;-7.552;0;77;156.909;0.221;2018
0.265;0.75;219357;0.665;0;0.0515;-3.083;1;76;95.239;0.697;2018
0.176;0.694;184560;0.77;0;0.118;-5.335;1;81;125.905;0.163;2018
0.416;0.575;217213;0.33;0;0.0872;-6.557;1;78;95.801;0.277;2018
0.00517;0.52;219801;0.903;0;0.254;-5.497;1;79;74.988;0.652;2019
0.145;0.806;309120;0.786;0;0.0935;-3.831;0;78;91.973;0.58;2019
0.417;0.625;213254;0.554;0;0.305;-5.531;1;76;111.911;0.846;2019
0.193;0.664;210560;0.666;0;0.0854;-2.203;1;79;139.987;0.405;2019
0.263;0.681;216560;0.453;0;0.0543;-6.09;1;78;125.772;0.348;2019
0.361;0.795;266087;0.783;0;0.437;-4.271;1;76;92.01;0.799;2019
0.00231;0.67;261013;0.874;0;0.3;-5.221;1;81;130.041;0.789;2019
0.0771;0.59;174444;0.642;0;0.105;-3.87;1;76;107.356;0.651;2019
0.0275;0.639;222347;0.791;0;0.362;-4.443;0;77;92.603;0.939;2019
0.882;0.541;176972;0.153;0;0.16;-10.654;1;78;139.644;0.359;2019
0.296;0.674;178480;0.881;0;0.0793;-2.853;1;80;98.994;0.234;2019
0.784;0.643;240457;0.35;1;0.102;-5.924;0;77;118.199;0.541;2019
0.0711;0.725;287773;0.79;1;0.0602;-2.331;1;76;175.988;0.763;2019
0.144;0.794;307547;0.79;0;0.0893;-3.855;0;76;91.984;0.577;2019
0.0578;0.907;113000;0.53;0;0.101;-6.112;1;78;135.998;0.507;2019
0.0846;0.786;301714;0.808;0;0.0822;-3.702;1;79;105.027;0.609;2019
0.557;0.723;155803;0.48;0;0.0705;-4.1;0;77;144.533;0.909;2019
0.259;0.728;227234;0.542;1;0.136;-5.195;1;82;90.016;0.637;2019
0.158;0.763;139576;0.597;1;0.111;-5.054;1;81;126.054;0.194;2020
0.269;0.845;219048;0.677;0;0.108;-4.798;0;89;90.013;0.68;2020
0.362;0.725;186133;0.756;0;0.103;-5.013;1;92;100.07;0.828;2020
0.608;0.768;154599;0.339;0;0.261;-13.169;1;79;76.229;0.568;2020
0.00668;0.658;192760;0.733;0;0.118;-4.756;1;80;127.977;0.464;2020
0.393;0.724;194750;0.594;1;0.0889;-7.126;0;77;136.002;0.413;2020
0.389;0.742;209440;0.553;1;0.0694;-8.98;1;76;84.931;0.508;2020
0.408;0.454;293183;0.913;0;0.248;-4.008;1;77;137.688;0.521;2020
0.0115;0.709;153467;0.679;1;0.0971;-6.503;0;76;162.973;0.754;2020
0.0484;0.764;222243;0.526;0;0.0718;-7.355;1;82;114.91;0.588;2020
0.0593;0.956;187000;0.502;1;0.238;-5.995;1;77;110.003;0.795;2020
0.189;0.787;200198;0.728;0;0.0629;-3.455;0;88;180.066;0.545;2020
0.105;0.738;192921;0.85;0;0.23;-3.049;1;86;98.013;0.865;2020
0.121;0.657;205493;0.88;0;0.463;-3.672;0;83;150.084;0.769;2020
0.31;0.823;213314;0.821;0;0.143;-3.402;0;89;99.999;0.791;2020
0.0119;0.644;97317;0.883;1;0.377;-6.985;1;76;164.158;0.522;2020
0.154;0.653;213869;0.667;0;0.107;-6.764;0;83;104.181;0.556;2020
0.067;0.795;237918;0.574;1;0.15;-6.903;0;78;142.053;0.537;2020
0.287;0.31;177528;0.722;1;0.345;-5.348;1;77;86.693;0.349;2020
0.0132;0.731;239722;0.845;0;0.0782;-5.352;1;81;101.085;0.484;2020
0.00782;0.787;202313;0.669;0;0.123;-4.333;0;82;104.994;0.57;2020
0.827;0.586;116630;0.893;0;0.212;-8.772;1;76;140.023;0.65;2020
0.0172;0.743;159863;0.837;0;0.0743;-5.025;0;81;103.072;0.263;2020
0.139;0.762;213609;0.861;1;0.0956;-4.075;0;79;133.037;0.588;2020
0.0145;0.815;296011;0.513;0;0.14;-8.363;1;77;96.982;0.17;2020
0.122;0.713;232853;0.617;0;0.0962;-4.637;1;91;168.021;0.682;2020
0.0947;0.712;166356;0.568;1;0.169;-7.864;0;78;130.019;0.46;2020
0.0101;0.606;216504;0.9;0;0.075;-4.504;1;79;133.963;0.233;2020
0.0902;0.43;183219;0.7;1;0.216;-5.35;1;79;158.373;0.731;2020
0.0967;0.624;146959;0.672;1;0.155;-5.334;1;76;159.852;0.26;2020
0.801;0.499;157710;0.462;1;0.0946;-5.308;1;76;127.698;0.599;2020
0.0175;0.904;121846;0.854;1;0.296;-3.528;0;76;130.074;0.351;2020
0.0601;0.612;163053;0.561;1;0.145;-6.054;1;80;191.911;0.393;2020
0.697;0.547;142065;0.638;0;0.074;-2.99;1;80;176.277;0.876;2020
0.021;0.672;182200;0.855;0;0.323;-3.764;1;81;123.056;0.646;2020
0.00488;0.528;163906;0.749;1;0.0949;-7.571;1;76;163.944;0.729;2020
0.00304;0.512;217027;0.483;0;0.12;-7.798;1;76;160.009;0.367;2020
0.0746;0.798;108160;0.649;1;0.517;-6.546;1;79;142.006;0.566;2020
0.0439;0.643;162299;0.727;1;0.123;-5.506;1;80;90.019;0.295;2020
0.114;0.582;204800;0.693;0;0.13;-5.048;1;81;125.904;0.341;2020
0.0847;0.574;183240;0.891;0;0.16;-3.665;0;90;100.978;0.707;2020
0.819;0.854;197587;0.525;0;0.146;-4.426;1;86;97.054;0.63;2020
0.505;0.693;221187;0.549;0;0.324;-6.098;1;80;139.988;0.473;2020
0.0509;0.795;201010;0.642;0;0.17;-4.431;1;77;97.999;0.669;2020
0.451;0.636;151506;0.656;1;0.287;-5.542;0;80;171.918;0.439;2020
0.0684;0.72;187436;0.706;0;0.166;-4.719;1;82;133.002;0.62;2020
0.159;0.783;230399;0.586;1;0.389;-8.068;0;77;177.024;0.312;2020
0.185;0.866;161668;0.563;1;0.0889;-6.964;0;82;127.954;0.307;2020
0.252;0.739;158466;0.616;1;0.101;-6.963;0;76;91.071;0.654;2020
0.036;0.557;196907;0.585;0;0.176;-6.201;1;76;63.392;0.305;2020
0.527;0.451;198371;0.462;0;0.303;-8.962;1;77;89.174;0.533;2020
0.0882;0.659;180520;0.701;0;0.0866;-4.107;1;90;91.97;0.623;2020
0.00187;0.581;213572;0.674;0;0.128;-7.09;1;76;143.005;0.488;2020
0.344;0.58;199549;0.586;0;0.0755;-6.883;1;80;147.988;0.507;2020
0.0969;0.688;284480;0.716;1;0.0989;-5.702;1;76;116.912;0.373;2020
0.00163;0.662;181673;0.858;1;0.0456;-4.844;1;77;133.993;0.295;2017
0.111;0.863;260545;0.669;1;0.0569;-5.952;0;82;164.062;0.947;2017
0.282;0.729;194182;0.928;0;0.12;-4.279;1;76;109.996;0.322;2017
0.0119;0.781;213309;0.768;0;0.325;-5.991;1;79;123.07;0.486;2018
0.299;0.553;210200;0.502;0;0.764;-5.972;1;79;129.976;0.296;2018
0.217;0.777;175733;0.712;0;0.091;-4.84;1;78;95.692;0.68;2019
0.0122;0.697;213880;0.874;0;0.627;-2.15;0;76;132.022;0.775;2019
0.39;0.882;161627;0.689;0;0.0501;-4.027;1;78;97.963;0.746;2019
0.156;0.759;158900;0.605;0;0.694;-7.737;1;77;121.049;0.64;2019
0.198;0.655;229360;0.797;0;0.067;-4.787;1;78;177.928;0.839;2019
0.124;0.64;197867;0.647;0;0.0801;-8.114;0;76;92.979;0.546;2019
0.11;0.883;226533;0.668;0;0.0734;-2.957;1;80;87.972;0.676;2019
0.0902;0.798;219947;0.676;0;0.0894;-5.041;1;77;101.956;0.843;2019
0.11;0.737;193227;0.86;0;0.0574;-2.652;0;80;93.989;0.656;2019
0.823;0.296;212720;0.351;0;0.11;-9.538;1;76;177.596;0.19;2019
0.0404;0.677;152913;0.744;0;0.074;-6.806;0;81;124.08;0.631;2019
0.179;0.661;163805;0.723;1;0.14;-6.976;0;77;113.778;0.316;2019
0.0296;0.709;206867;0.959;0;0.107;-1.339;1;76;128.983;0.644;2019
0.0837;0.639;173124;0.546;0;0.122;-5.382;1;78;122.179;0.149;2020
0.106;0.819;133018;0.819;1;0.108;-5.531;0;76;160.005;0.736;2020
0.217;0.806;178157;0.513;0;0.217;-6.208;1;82;124.988;0.503;2020
0.167;0.824;187427;0.457;0;0.041;-5.428;1;90;87.977;0.95;2020
0.125;0.548;127547;0.732;1;0.269;-5.652;0;80;142.791;0.612;2020
0.427;0.665;216747;0.697;0;0.599;-4.819;0;85;94.053;0.556;2020
0.166;0.716;165199;0.522;0;0.113;-6.834;1;78;76.993;0.224;2020
0.176;0.599;162583;0.733;0;0.242;-7.058;1;79;102.211;0.534;2020
0.0907;0.905;155825;0.686;0;0.266;-3.152;1;89;103.013;0.963;2020
0.0247;0.798;156960;0.828;0;0.121;-5.36;1;81;124.962;0.6;2020
0.169;0.86;175918;0.791;0;0.106;-4.784;1;80;92.023;0.887;2020
0.308;0.804;159293;0.323;0;0.15;-11.127;0;77;87.019;0.456;2020
0.464;0.691;246000;0.765;1;0.203;-4.727;1;82;174.021;0.855;2020
0.00509;0.803;213308;0.759;1;0.0921;-4.692;0;78;104;0.284;2020
0.917;0.38;242265;0.219;0;0.0827;-13.273;0;80;73.537;0.0517;2020
0.487;0.862;198707;0.72;0;0.0604;-4.048;1;89;129.972;0.965;2020
0.3;0.815;345241;0.715;1;0.091;-4.65;0;83;176.007;0.786;2020
0.0318;0.619;154747;0.771;0;0.114;-2.204;1;77;81.966;0.704;2020
0.393;0.747;228453;0.494;0;0.0982;-7.957;0;76;76.006;0.624;2020
0.176;0.823;231595;0.537;1;0.123;-2.639;1;89;175.946;0.615;2020
0.00657;0.695;199120;0.583;0;0.104;-6.575;0;79;152.001;0.382;2020
0.454;0.746;172245;0.611;0;0.133;-7.034;0;78;149.967;0.411;2020
0.0301;0.443;193090;0.582;0;0.127;-6.02;1;79;147.589;0.239;2020
0.061;0.74;135581;0.688;0;0.138;-4.361;0;76;115.035;0.935;2020
0.00161;0.699;223280;0.805;0;0.249;-5.535;0;79;109.976;0.232;2020
0.0222;0.781;180221;0.762;0;0.121;-5.188;0;78;110.042;0.86;2020
0.0593;0.64;178994;0.392;0;0.0839;-7.246;0;82;145.838;0.502;2020
0.422;0.691;248345;0.739;0;0.11;-3.09;0;88;83.897;0.884;2020
0.286;0.504;190218;0.76;1;0.151;-4.246;1;87;183.933;0.64;2020
0.495;0.599;198515;0.374;1;0.221;-8.896;1;77;119.9;0.224;2020
0.289;0.83;247059;0.49;1;0.113;-8.82;0;78;81.604;0.845;2020
0.0151;0.674;174864;0.807;1;0.584;-3.961;1;76;140.056;0.163;2020
0.185;0.783;199112;0.727;0;0.0626;-3.454;0;87;180.067;0.558;2020
0.094;0.716;200571;0.946;1;0.0825;-3.412;1;76;139.943;0.587;2018
0.00481;0.734;222732;0.855;0;0.123;-3.211;1;76;126.035;0.422;2018
0.0281;0.468;212107;0.627;0;0.11;-5.085;1;79;179.642;0.159;2018
0.747;0.73;147800;0.439;0;0.0988;-9.864;0;76;130.09;0.615;2020
0.192;0.776;129371;0.509;0;0.115;-6.266;0;81;94.634;0.485;2020
0.2;0.43;157673;0.412;0;0.324;-5.372;1;78;90.872;0.0508;2020
0.318;0.666;185850;0.593;1;0.414;-5.905;1;78;140.013;0.329;2020
0.0398;0.737;175873;0.867;0;0.32;-2.259;0;78;98.05;0.506;2020
0.32;0.754;220051;0.583;0;0.144;-7.34;0;76;122.012;0.77;2020
0.0561;0.587;220141;0.648;0;0.115;-6.927;0;78;144.028;0.281;2020
0.0542;0.702;204168;0.692;0;0.0877;-5.405;1;80;144.896;0.419;2020
0.118;0.583;246381;0.817;0;0.338;-5.146;0;80;105.936;0.438;2020
0.443;0.829;121722;0.255;1;0.0784;-12.624;0;76;118.011;0.517;2020
0.00257;0.66;217088;0.787;0;0.323;-4.592;0;79;142.018;0.199;2020
0.482;0.806;198973;0.558;1;0.0618;-6.46;1;78;95.016;0.678;2020
0.443;0.876;197217;0.312;1;0.247;-10.17;1;76;114.973;0.377;2020
0.00173;0.68;193533;0.825;0;0.27;-4.296;1;78;117.987;0.784;2020
0.162;0.76;157944;0.658;0;0.195;-5.275;1;83;100.202;0.565;2020
0.0799;0.705;207734;0.707;0;0.149;-5.174;1;77;117.974;0.452;2020
0.0105;0.763;211130;0.621;0;0.106;-6.169;0;87;82.042;0.582;2020
0.132;0.55;232496;0.598;1;0.0955;-5.402;0;78;83.836;0.543;2020
0.433;0.619;194000;0.45;0;0.513;-11.965;0;76;179.755;0.41;2020
0.123;0.784;159382;0.43;0;0.0887;-8.756;0;78;127.087;0.236;2020
0.0374;0.785;175813;0.719;0;0.0519;-3.886;1;77;159.953;0.887;2020
0.136;0.442;172693;0.631;0;0.133;-5.096;0;78;139.774;0.129;2020
0.0759;0.612;210795;0.884;1;0.247;-4.113;0;78;178.043;0.679;2020
0.518;0.605;236731;0.8;1;0.0763;-3.018;1;83;92.284;0.732;2020
0.424;0.654;169245;0.596;0;0.11;-4.68;1;77;118.078;0.382;2020
0.44;0.761;238805;0.525;0;0.0921;-6.9;1;76;80.87;0.531;2020
0.00305;0.668;215280;0.798;0;0.277;-5.701;1;78;133.928;0.575;2020
0.197;0.676;218359;0.786;0;0.0943;-4.529;1;83;125.983;0.483;2020
0.161;0.512;367680;0.451;0;0.0672;-7.222;0;76;80.04;0.368;2018
0.27;0.659;164010;0.615;0;0.187;-5.865;0;76;119.843;0.193;2018
0.133;0.816;131607;0.63;1;0.0692;-5.568;1;77;96.493;0.715;2019
0.272;0.802;157202;0.645;0;0.119;-6.181;0;76;100.001;0.376;2019
0.143;0.879;199711;0.703;0;0.0569;-4.219;1;79;94.004;0.788;2019
0.0799;0.603;213707;0.615;0;0.117;-4.931;0;77;158.657;0.561;2019
0.0133;0.49;216123;0.694;0;0.0946;-5.793;0;78;170.903;0.249;2020
0.0611;0.739;139810;0.717;0;0.206;-5.123;1;76;98.047;0.529;2020
0.038;0.64;176854;0.863;0;0.294;-4.002;1;77;81.003;0.725;2020
0.31;0.737;196500;0.766;1;0.114;-4.242;0;77;93.956;0.662;2020
0.447;0.75;209180;0.741;1;0.121;-4.43;1;77;79.968;0.495;2020
0.202;0.659;192347;0.718;0;0.2;-5.607;0;78;136.96;0.297;2020
0.186;0.734;224187;0.775;0;0.123;-3.855;1;85;166.039;0.72;2020
0.0561;0.695;203808;0.884;0;0.213;-2.278;0;79;103.014;0.914;2020
0.0165;0.807;185840;0.656;1;0.0693;-4.395;0;88;83.943;0.89;2020
0.00447;0.447;90960;0.891;0;0.39;-4.776;1;78;143.976;0.517;2020
0.0132;0.521;205208;0.877;0;0.0929;-5.444;1;79;180.007;0.199;2020
0.00575;0.862;186613;0.4;1;0.123;-7.486;1;76;122.963;0.596;2020
0.0137;0.647;193829;0.844;0;0.102;-3.756;1;81;146.967;0.746;2020
0.0224;0.759;214507;0.636;1;0.166;-5.585;1;83;109.976;0.536;2020
0.0288;0.702;285373;0.773;0;0.147;-9.256;0;77;103.564;0.953;2020
0.297;0.752;201661;0.488;1;0.0936;-7.05;1;77;136.041;0.533;2020
0.00962;0.71;209105;0.82;0;0.0871;-4.362;0;77;112.005;0.746;2020
0.0816;0.843;205933;0.836;0;0.0532;-2.474;0;85;94.018;0.65;2020
0.0264;0.611;132303;0.688;1;0.251;-5.688;1;76;178.462;0.393;2020
0.353;0.637;174517;0.418;0;0.131;-7.137;1;79;84.295;0.0807;2020
0.104;0.841;382555;0.674;1;0.131;-5.35;1;83;90.007;0.761;2020
0.194;0.653;210773;0.809;0;0.165;-4.057;1;76;92.213;0.55;2018
0.441;0.817;332240;0.672;1;0.13;-5.612;0;76;93.999;0.774;2019
0.253;0.861;259600;0.678;0;0.106;-4.157;0;80;103.994;0.723;2019
0.139;0.703;146375;0.657;1;0.093;-5.363;1;78;82.96;0.455;2020
0.104;0.612;186480;0.539;0;0.18;-5.071;1;76;79.948;0.294;2020
0.495;0.462;214259;0.339;0;0.0893;-7.943;1;78;92.106;0.149;2020
0.33;0.885;144000;0.685;1;0.148;-6.429;0;76;99.954;0.937;2020
0.285;0.838;275893;0.819;1;0.224;-4.681;0;81;105.027;0.656;2020
0.643;0.599;230880;0.465;0;0.149;-4.95;1;80;113.82;0.0678;2020
0.0232;0.653;199125;0.634;0;0.0908;-5.875;0;76;160.013;0.306;2020
0.46;0.811;190101;0.683;1;0.128;-2.028;0;84;176.037;0.571;2020
0.26;0.903;106000;0.327;1;0.108;-9.727;1;78;100.008;0.274;2020
0.0342;0.79;175813;0.729;0;0.0411;-3.843;1;76;159.989;0.904;2020
0.0581;0.878;202373;0.713;0;0.0822;-4.566;0;85;92.028;0.615;2020
0.0262;0.681;216084;0.783;1;0.206;-4.997;1;76;106.901;0.323;2020
0.0505;0.592;202357;0.885;0;0.0843;-4.944;0;78;98.991;0.731;2020
0.125;0.805;184255;0.562;0;0.148;-3.117;0;81;172.094;0.767;2020
0.0413;0.848;222680;0.637;0;0.0521;-5.132;1;85;96.988;0.698;2020
0.0531;0.728;217547;0.806;0;0.153;-3.766;1;83;168.084;0.698;2020
0.31;0.486;211254;0.567;0;0.0949;-6.456;1;77;93.68;0.154;2020
0.0478;0.658;210520;0.901;0;0.12;-2.814;1;76;93.979;0.708;2019
0.536;0.67;179053;0.668;0;0.133;-4.306;0;79;88.033;0.608;2019
0.18;0.771;289899;0.769;1;0.345;-3.504;0;79;167.969;0.931;2019
0.388;0.504;167373;0.503;0;0.0608;-3.313;1;77;195.593;0.709;2019
0.289;0.714;229827;0.671;0;0.325;-5.119;1;81;169.732;0.641;2019
0.322;0.839;171360;0.667;0;0.244;-3.961;0;81;124.889;0.878;2020
0.0518;0.684;174027;0.808;0;0.0858;-2.737;1;83;173.905;0.712;2020
0.0151;0.642;177440;0.392;0;0.352;-7.846;0;77;138.065;0.0479;2020
0.0412;0.848;176767;0.768;1;0.195;-5.386;0;82;118.961;0.777;2020
0.0387;0.668;172143;0.726;0;0.134;-7.512;1;80;124.075;0.453;2020
0.406;0.682;186878;0.7;0;0.174;-5.591;1;82;120.03;0.637;2020
0.235;0.626;144530;0.726;0;0.304;-5.015;1;76;89.132;0.257;2020
0.366;0.687;210427;0.514;0;0.116;-6.612;0;77;145.921;0.494;2020
0.0225;0.741;144000;0.931;0;0.191;-3.447;0;78;125.011;0.517;2020
0.412;0.712;178000;0.599;1;0.103;-6.342;0;77;179.788;0.588;2020
0.00415;0.712;165704;0.891;0;0.258;-2.76;0;76;126.012;0.735;2020
0.0112;0.624;147071;0.628;0;0.0814;-6.582;0;77;114.556;0.772;2020
0.267;0.85;210607;0.536;1;0.0996;-5.161;1;77;96.029;0.505;2020
0.17;0.631;183090;0.649;0;0.321;-4.939;0;77;108.07;0.459;2020
0.182;0.756;204180;0.83;1;0.227;-5.288;1;81;175.961;0.422;2020
0.0446;0.877;231848;0.777;0;0.0863;-4.246;1;78;102.02;0.706;2018
0.0466;0.742;221176;0.882;0;0.206;-2.862;1;76;102.04;0.463;2018
0.216;0.767;192452;0.643;1;0.0806;-5.225;1;77;169.99;0.536;2019
0.0209;0.509;193798;0.689;0;0.301;-4.929;0;77;170.087;0.297;2019
0.832;0.483;193795;0.361;0;0.098;-7.889;1;76;171.649;0.307;2020
0.0618;0.52;174933;0.915;0;0.0856;-2.862;1;79;90.069;0.5;2020
0.0215;0.676;162600;0.857;0;0.254;-4.368;0;76;149.981;0.717;2020
0.48;0.694;212312;0.796;1;0.108;-4.164;1;78;93.064;0.515;2020
0.239;0.764;198570;0.741;1;0.107;-3.617;1;81;170.081;0.802;2020
0.0229;0.65;225668;0.827;1;0.121;-4.014;1;76;144.995;0.223;2020
0.238;0.658;199027;0.749;0;0.272;-2.967;0;78;128.909;0.442;2020
0.434;0.665;231593;0.94;0;0.0914;-3.606;1;77;93.725;0.752;2020
0.00776;0.689;167922;0.771;0;0.521;-3.618;1;76;157.052;0.482;2020
0.167;0.73;221820;0.729;0;0.349;-3.434;0;76;113.012;0.467;2020
0.982;0.725;195359;0.199;0;0.1;-12.478;1;77;120.031;0.264;2020
0.033;0.627;208505;0.69;0;0.0742;-5.396;0;78;122.053;0.627;2020
0.398;0.801;214013;0.745;1;0.153;-3.733;0;80;104.965;0.245;2020
0.157;0.82;189287;0.842;0;0.112;-3.853;1;76;107.952;0.653;2020
0.00795;0.809;191242;0.911;0;0.181;-4.41;0;77;122.035;0.64;2020
0.0205;0.749;197573;0.82;0;0.0775;-6.114;1;76;120.066;0.534;2020
